,Loan_ID,Gender,Married,Dependents,Education,Self_Employed,ApplicantIncome,CoapplicantIncome,LoanAmount,Loan_Amount_Term,Credit_History,Property_Area,Loan_Status
0,LP001002,Male,No,0,Graduate,No,46792,0.0,,360.0,1.0,Urban,Y
1,LP001003,Male,Yes,1,Graduate,No,36664,12064.0,1024.0,360.0,1.0,Rural,N
2,LP001005,Male,Yes,0,Graduate,Yes,24000,0.0,528.0,360.0,1.0,Urban,Y
3,LP001006,Male,Yes,0,Not Graduate,No,20664,18864.0,960.0,360.0,1.0,Urban,Y
4,LP001008,Male,No,0,Graduate,No,48000,0.0,1128.0,360.0,1.0,Urban,Y
5,LP001011,Male,Yes,2,Graduate,Yes,43336,33568.0,2136.0,360.0,1.0,Urban,Y
6,LP001013,Male,Yes,0,Not Graduate,No,18664,12128.0,760.0,360.0,1.0,Urban,Y
7,LP001014,Male,Yes,3+,Graduate,No,24288,20032.0,1264.0,360.0,0.0,Semiurban,N
8,LP001018,Male,Yes,2,Graduate,No,32048,12208.0,1344.0,360.0,1.0,Urban,Y
9,LP001020,Male,Yes,1,Graduate,No,102728,87744.0,2792.0,360.0,1.0,Semiurban,N
10,LP001024,Male,Yes,2,Graduate,No,25600,5600.0,560.0,360.0,1.0,Urban,Y
11,LP001027,Male,Yes,2,Graduate,,20000,14720.0,872.0,360.0,1.0,Urban,Y
12,LP001028,Male,Yes,2,Graduate,No,24584,64848.0,1600.0,360.0,1.0,Urban,Y
13,LP001029,Male,No,0,Graduate,No,14824,22720.0,912.0,360.0,1.0,Rural,N
14,LP001030,Male,Yes,2,Graduate,No,10392,8688.0,136.0,120.0,1.0,Urban,Y
15,LP001032,Male,No,0,Graduate,No,39600,0.0,1000.0,360.0,1.0,Urban,Y
16,LP001034,Male,No,1,Not Graduate,No,28768,0.0,800.0,240.0,,Urban,Y
17,LP001036,Female,No,0,Graduate,No,28080,0.0,608.0,360.0,0.0,Urban,N
18,LP001038,Male,Yes,0,Not Graduate,No,39096,0.0,1064.0,360.0,1.0,Rural,N
19,LP001041,Male,Yes,0,Graduate,,20800,28000.0,920.0,,1.0,Urban,Y
20,LP001043,Male,Yes,0,Not Graduate,No,61280,0.0,832.0,360.0,0.0,Urban,N
21,LP001046,Male,Yes,1,Graduate,No,47640,45000.0,2520.0,360.0,1.0,Urban,Y
22,LP001047,Male,Yes,0,Not Graduate,No,20800,15288.0,928.0,360.0,0.0,Semiurban,N
23,LP001050,,Yes,2,Not Graduate,No,26920,15336.0,896.0,360.0,0.0,Rural,N
24,LP001052,Male,Yes,1,Graduate,,29736,23400.0,1208.0,360.0,,Semiurban,N
25,LP001066,Male,Yes,0,Graduate,Yes,76480,0.0,1528.0,360.0,1.0,Semiurban,Y
26,LP001068,Male,Yes,0,Graduate,No,22392,18024.0,976.0,360.0,1.0,Semiurban,Y
27,LP001073,Male,Yes,2,Not Graduate,No,33808,8320.0,880.0,360.0,1.0,Urban,Y
28,LP001086,Male,No,0,Not Graduate,No,11536,0.0,280.0,360.0,1.0,Urban,N
29,LP001087,Female,No,2,Graduate,,30000,16664.0,960.0,360.0,1.0,Semiurban,Y
30,LP001091,Male,Yes,1,Graduate,,33328,26952.0,1608.0,360.0,,Urban,N
31,LP001095,Male,No,0,Graduate,No,25336,0.0,592.0,360.0,1.0,Urban,N
32,LP001097,Male,No,1,Graduate,Yes,37536,0.0,848.0,360.0,1.0,Rural,N
33,LP001098,Male,Yes,0,Graduate,No,28000,13336.0,912.0,360.0,1.0,Semiurban,Y
34,LP001100,Male,No,3+,Graduate,No,100000,24000.0,2560.0,360.0,1.0,Rural,N
35,LP001106,Male,Yes,0,Graduate,No,18200,16536.0,,360.0,1.0,Urban,Y
36,LP001109,Male,Yes,0,Graduate,No,14624,10640.0,800.0,,0.0,Urban,N
37,LP001112,Female,Yes,0,Graduate,No,29336,11672.0,1152.0,360.0,1.0,Semiurban,Y
38,LP001114,Male,No,0,Graduate,No,33328,57680.0,1472.0,360.0,1.0,Urban,Y
39,LP001116,Male,No,0,Not Graduate,No,29984,13344.0,880.0,360.0,1.0,Semiurban,Y
40,LP001119,Male,No,0,Graduate,No,28800,0.0,640.0,360.0,1.0,Urban,N
41,LP001120,Male,No,0,Graduate,No,14400,9704.0,376.0,360.0,1.0,Urban,Y
42,LP001123,Male,Yes,0,Graduate,No,19200,0.0,600.0,360.0,,Urban,Y
43,LP001131,Male,Yes,0,Graduate,No,31528,18688.0,1072.0,360.0,1.0,Semiurban,Y
44,LP001136,Male,Yes,0,Not Graduate,Yes,37560,0.0,768.0,,1.0,Urban,Y
45,LP001137,Female,No,0,Graduate,No,27280,0.0,704.0,,1.0,Urban,Y
46,LP001138,Male,Yes,1,Graduate,No,45192,0.0,352.0,360.0,1.0,Urban,Y
47,LP001144,Male,Yes,0,Graduate,No,46568,0.0,1152.0,360.0,1.0,Urban,Y
48,LP001146,Female,Yes,0,Graduate,No,21160,27520.0,960.0,360.0,0.0,Urban,N
49,LP001151,Female,No,0,Graduate,No,32000,18200.0,1152.0,360.0,1.0,Semiurban,Y
50,LP001155,Female,Yes,0,Not Graduate,No,15424,13152.0,800.0,360.0,1.0,Semiurban,Y
51,LP001157,Female,No,0,Graduate,No,24688,0.0,960.0,360.0,1.0,Semiurban,Y
52,LP001164,Female,No,0,Graduate,No,33840,0.0,896.0,360.0,1.0,Semiurban,N
53,LP001179,Male,Yes,2,Graduate,No,36928,0.0,1072.0,360.0,1.0,Urban,N
54,LP001186,Female,Yes,1,Graduate,Yes,92000,0.0,2288.0,360.0,0.0,Urban,N
55,LP001194,Male,Yes,2,Graduate,No,21664,9336.0,776.0,360.0,1.0,Semiurban,Y
56,LP001195,Male,Yes,0,Graduate,No,17056,12728.0,768.0,360.0,1.0,Semiurban,Y
57,LP001197,Male,Yes,0,Graduate,No,26928,17600.0,1080.0,360.0,1.0,Rural,N
58,LP001198,Male,Yes,1,Graduate,No,64640,18000.0,1440.0,360.0,1.0,Urban,Y
59,LP001199,Male,Yes,2,Not Graduate,No,26856,22872.0,1152.0,360.0,1.0,Urban,Y
60,LP001205,Male,Yes,0,Graduate,No,20000,30368.0,960.0,360.0,1.0,Urban,Y
61,LP001206,Male,Yes,3+,Graduate,No,24232,0.0,792.0,360.0,1.0,Urban,Y
62,LP001207,Male,Yes,0,Not Graduate,Yes,20872,27592.0,1320.0,180.0,0.0,Rural,N
63,LP001213,Male,Yes,1,Graduate,No,39560,0.0,,360.0,0.0,Rural,N
64,LP001222,Female,No,0,Graduate,No,33328,0.0,928.0,360.0,0.0,Semiurban,N
65,LP001225,Male,Yes,0,Graduate,No,45808,36760.0,2064.0,360.0,1.0,Semiurban,N
66,LP001228,Male,No,0,Not Graduate,No,25600,18032.0,1008.0,180.0,0.0,Urban,N
67,LP001233,Male,Yes,1,Graduate,No,86000,0.0,2496.0,360.0,1.0,Urban,Y
68,LP001238,Male,Yes,3+,Not Graduate,Yes,56800,0.0,1000.0,60.0,1.0,Urban,Y
69,LP001241,Female,No,0,Graduate,No,34400,0.0,1088.0,360.0,0.0,Semiurban,N
70,LP001243,Male,Yes,0,Graduate,No,25664,24528.0,1376.0,360.0,1.0,Urban,Y
71,LP001245,Male,Yes,2,Not Graduate,Yes,15000,15000.0,776.0,360.0,1.0,Semiurban,Y
72,LP001248,Male,No,0,Graduate,No,28000,0.0,648.0,300.0,1.0,Semiurban,Y
73,LP001250,Male,Yes,3+,Not Graduate,No,38040,0.0,760.0,,0.0,Semiurban,N
74,LP001253,Male,Yes,3+,Graduate,Yes,42128,14192.0,1496.0,360.0,1.0,Semiurban,Y
75,LP001255,Male,No,0,Graduate,No,30000,0.0,904.0,480.0,1.0,Urban,N
76,LP001256,Male,No,0,Graduate,No,30000,38000.0,1408.0,360.0,1.0,Urban,N
77,LP001259,Male,Yes,1,Graduate,Yes,8000,24176.0,880.0,360.0,1.0,Urban,N
78,LP001263,Male,Yes,3+,Graduate,No,25336,32000.0,1440.0,300.0,0.0,Semiurban,N
79,LP001264,Male,Yes,3+,Not Graduate,Yes,26664,17328.0,1040.0,360.0,,Semiurban,Y
80,LP001265,Female,No,0,Graduate,No,30768,0.0,888.0,360.0,1.0,Semiurban,Y
81,LP001266,Male,Yes,1,Graduate,Yes,19160,0.0,,360.0,1.0,Semiurban,Y
82,LP001267,Female,Yes,2,Graduate,No,11024,15048.0,1336.0,360.0,1.0,Urban,N
83,LP001273,Male,Yes,0,Graduate,No,48000,18000.0,2120.0,360.0,,Semiurban,N
84,LP001275,Male,Yes,1,Graduate,No,31904,0.0,400.0,240.0,1.0,Urban,Y
85,LP001279,Male,No,0,Graduate,No,18928,20248.0,1088.0,360.0,1.0,Semiurban,Y
86,LP001280,Male,Yes,2,Not Graduate,No,26664,16000.0,792.0,360.0,,Semiurban,Y
87,LP001282,Male,Yes,0,Graduate,No,20000,16944.0,832.0,360.0,1.0,Semiurban,Y
88,LP001289,Male,No,0,Graduate,No,68528,0.0,1680.0,360.0,1.0,Urban,Y
89,LP001310,Male,Yes,0,Graduate,No,45560,33336.0,1400.0,360.0,1.0,Semiurban,Y
90,LP001316,Male,Yes,0,Graduate,No,23664,23200.0,1048.0,360.0,1.0,Semiurban,Y
91,LP001318,Male,Yes,2,Graduate,No,50000,45232.0,1504.0,180.0,1.0,Semiurban,Y
92,LP001319,Male,Yes,2,Not Graduate,No,26184,14560.0,648.0,360.0,1.0,Urban,Y
93,LP001322,Male,No,0,Graduate,No,33064,0.0,976.0,360.0,1.0,Semiurban,Y
94,LP001325,Male,No,0,Not Graduate,No,28960,0.0,200.0,120.0,1.0,Semiurban,Y
95,LP001326,Male,No,0,Graduate,,54256,0.0,,360.0,,Urban,N
96,LP001327,Female,Yes,0,Graduate,No,19872,18416.0,1096.0,360.0,1.0,Semiurban,Y
97,LP001333,Male,Yes,0,Graduate,No,15816,7976.0,400.0,360.0,1.0,Semiurban,Y
98,LP001334,Male,Yes,0,Not Graduate,No,33504,0.0,920.0,180.0,1.0,Semiurban,Y
99,LP001343,Male,Yes,0,Graduate,No,14072,28328.0,1048.0,360.0,1.0,Semiurban,Y
100,LP001345,Male,Yes,2,Not Graduate,No,34304,26104.0,1064.0,180.0,1.0,Urban,Y
101,LP001349,Male,No,0,Graduate,No,38744,30448.0,1208.0,360.0,1.0,Semiurban,Y
102,LP001350,Male,Yes,,Graduate,No,109200,0.0,,360.0,1.0,Urban,Y
103,LP001356,Male,Yes,0,Graduate,No,37216,28664.0,,360.0,1.0,Semiurban,Y
104,LP001357,Male,,,Graduate,No,30528,6032.0,1280.0,360.0,1.0,Urban,Y
105,LP001367,Male,Yes,1,Graduate,No,24416,8240.0,800.0,360.0,1.0,Urban,Y
106,LP001369,Male,Yes,2,Graduate,No,91336,9008.0,1800.0,360.0,1.0,Urban,Y
107,LP001370,Male,No,0,Not Graduate,,58664,0.0,960.0,360.0,1.0,Rural,N
108,LP001379,Male,Yes,2,Graduate,No,30400,28800.0,1728.0,360.0,0.0,Urban,N
109,LP001384,Male,Yes,3+,Not Graduate,No,16568,6032.0,752.0,480.0,1.0,Semiurban,Y
110,LP001385,Male,No,0,Graduate,No,42528,0.0,1088.0,360.0,1.0,Urban,Y
111,LP001387,Female,Yes,0,Graduate,,23432,18664.0,1112.0,360.0,1.0,Semiurban,Y
112,LP001391,Male,Yes,0,Not Graduate,No,28576,32912.0,1216.0,,0.0,Rural,N
113,LP001392,Female,No,1,Graduate,Yes,59608,0.0,,360.0,1.0,Semiurban,Y
114,LP001398,Male,No,0,Graduate,,40400,0.0,944.0,360.0,1.0,Semiurban,Y
115,LP001401,Male,Yes,1,Graduate,No,116664,0.0,1480.0,180.0,1.0,Rural,Y
116,LP001404,Female,Yes,0,Graduate,No,25336,18264.0,1232.0,360.0,1.0,Semiurban,Y
117,LP001405,Male,Yes,1,Graduate,No,17712,11184.0,680.0,360.0,,Urban,Y
118,LP001421,Male,Yes,0,Graduate,No,44544,17136.0,1400.0,360.0,1.0,Rural,N
119,LP001422,Female,No,0,Graduate,No,83264,0.0,2072.0,360.0,1.0,Urban,Y
120,LP001426,Male,Yes,,Graduate,No,45336,21336.0,1440.0,360.0,1.0,Rural,Y
121,LP001430,Female,No,0,Graduate,No,33328,0.0,352.0,360.0,1.0,Semiurban,Y
122,LP001431,Female,No,0,Graduate,No,17096,71840.0,1096.0,360.0,0.0,Semiurban,Y
123,LP001432,Male,Yes,2,Graduate,No,23656,0.0,648.0,360.0,1.0,Semiurban,Y
124,LP001439,Male,Yes,0,Not Graduate,No,34400,16112.0,1552.0,360.0,1.0,Rural,Y
125,LP001443,Female,No,0,Graduate,No,29536,0.0,744.0,360.0,,Rural,Y
126,LP001448,,Yes,3+,Graduate,No,190424,0.0,2960.0,360.0,1.0,Rural,Y
127,LP001449,Male,No,0,Graduate,No,30920,13120.0,,360.0,1.0,Rural,Y
128,LP001451,Male,Yes,1,Graduate,Yes,84104,30800.0,1280.0,180.0,0.0,Urban,N
129,LP001465,Male,Yes,0,Graduate,No,48640,20552.0,1456.0,360.0,,Rural,N
130,LP001469,Male,No,0,Graduate,Yes,161328,0.0,5200.0,480.0,,Urban,Y
131,LP001473,Male,No,0,Graduate,No,16112,15432.0,592.0,360.0,1.0,Urban,Y
132,LP001478,Male,No,0,Graduate,No,21744,0.0,560.0,360.0,1.0,Semiurban,Y
133,LP001482,Male,Yes,0,Graduate,Yes,27672,0.0,200.0,120.0,1.0,Semiurban,Y
134,LP001487,Male,No,0,Graduate,No,39160,0.0,816.0,360.0,1.0,Semiurban,Y
135,LP001488,Male,Yes,3+,Graduate,No,32000,62000.0,2320.0,360.0,1.0,Semiurban,N
136,LP001489,Female,Yes,0,Graduate,No,36664,0.0,672.0,360.0,1.0,Rural,N
137,LP001491,Male,Yes,2,Graduate,Yes,26528,28000.0,704.0,360.0,1.0,Urban,Y
138,LP001492,Male,No,0,Graduate,No,119992,0.0,1936.0,360.0,0.0,Semiurban,N
139,LP001493,Male,Yes,2,Not Graduate,No,33600,11440.0,1032.0,360.0,1.0,Rural,N
140,LP001497,Male,Yes,2,Graduate,No,40336,16664.0,1480.0,360.0,1.0,Rural,N
141,LP001498,Male,No,0,Graduate,No,43336,0.0,1344.0,360.0,1.0,Urban,Y
142,LP001504,Male,No,0,Graduate,Yes,55600,0.0,1400.0,180.0,1.0,Semiurban,Y
143,LP001507,Male,Yes,0,Graduate,No,21584,16272.0,976.0,360.0,1.0,Semiurban,Y
144,LP001508,Male,Yes,2,Graduate,No,94056,0.0,1496.0,180.0,1.0,Urban,Y
145,LP001514,Female,Yes,0,Graduate,No,18640,35888.0,800.0,360.0,1.0,Semiurban,Y
146,LP001516,Female,Yes,2,Graduate,No,118928,0.0,560.0,360.0,1.0,Urban,Y
147,LP001518,Male,Yes,1,Graduate,No,12304,11400.0,240.0,360.0,1.0,Urban,Y
148,LP001519,Female,No,0,Graduate,No,80000,13328.0,1800.0,360.0,1.0,Rural,N
149,LP001520,Male,Yes,0,Graduate,No,38880,6640.0,1000.0,360.0,1.0,Semiurban,Y
150,LP001528,Male,No,0,Graduate,No,50216,0.0,944.0,360.0,0.0,Rural,N
151,LP001529,Male,Yes,0,Graduate,Yes,20616,30000.0,1216.0,360.0,1.0,Rural,Y
152,LP001531,Male,No,0,Graduate,No,73328,0.0,1952.0,360.0,1.0,Urban,N
153,LP001532,Male,Yes,2,Not Graduate,No,18248,0.0,904.0,360.0,1.0,Rural,N
154,LP001535,Male,No,0,Graduate,No,26032,0.0,400.0,360.0,1.0,Urban,Y
155,LP001536,Male,Yes,3+,Graduate,No,319992,0.0,4800.0,180.0,0.0,Semiurban,Y
156,LP001541,Male,Yes,1,Graduate,No,48000,0.0,1280.0,360.0,,Rural,Y
157,LP001543,Male,Yes,1,Graduate,No,76304,0.0,1496.0,360.0,1.0,Urban,Y
158,LP001546,Male,No,0,Graduate,,23840,16664.0,960.0,360.0,1.0,Rural,Y
159,LP001552,Male,Yes,0,Graduate,No,36664,45000.0,2040.0,360.0,1.0,Semiurban,Y
160,LP001560,Male,Yes,0,Not Graduate,No,14904,8328.0,784.0,360.0,1.0,Semiurban,Y
161,LP001562,Male,Yes,0,Graduate,No,63464,0.0,2200.0,360.0,1.0,Urban,N
162,LP001565,Male,Yes,1,Graduate,No,24712,10240.0,968.0,360.0,0.0,Semiurban,N
163,LP001570,Male,Yes,2,Graduate,No,33336,11576.0,1264.0,360.0,1.0,Rural,Y
164,LP001572,Male,Yes,0,Graduate,No,74584,0.0,600.0,180.0,1.0,Urban,Y
165,LP001574,Male,Yes,0,Graduate,No,29656,25328.0,1456.0,,1.0,Rural,Y
166,LP001577,Female,Yes,0,Graduate,No,36664,0.0,896.0,360.0,1.0,Rural,N
167,LP001578,Male,Yes,0,Graduate,No,19512,26664.0,1032.0,360.0,1.0,Rural,Y
168,LP001579,Male,No,0,Graduate,No,17896,0.0,504.0,480.0,0.0,Semiurban,N
169,LP001580,Male,Yes,2,Graduate,No,64000,0.0,1600.0,360.0,1.0,Semiurban,Y
170,LP001581,Male,Yes,0,Not Graduate,,14560,14152.0,760.0,360.0,1.0,Rural,Y
171,LP001585,,Yes,3+,Graduate,No,414104,0.0,5600.0,300.0,1.0,Urban,Y
172,LP001586,Male,Yes,3+,Not Graduate,No,28176,0.0,648.0,180.0,1.0,Rural,N
173,LP001594,Male,Yes,0,Graduate,No,45664,45000.0,1496.0,360.0,1.0,Semiurban,Y
174,LP001603,Male,Yes,0,Not Graduate,Yes,34752,5888.0,696.0,360.0,1.0,Semiurban,N
175,LP001606,Male,Yes,0,Graduate,No,27976,15712.0,928.0,360.0,1.0,Rural,Y
176,LP001608,Male,Yes,2,Graduate,No,16360,12952.0,808.0,360.0,1.0,Rural,Y
177,LP001610,Male,Yes,3+,Graduate,No,44128,90400.0,3960.0,360.0,0.0,Semiurban,N
178,LP001616,Male,Yes,1,Graduate,No,30000,0.0,928.0,360.0,1.0,Semiurban,Y
179,LP001630,Male,No,0,Not Graduate,No,18664,11608.0,816.0,480.0,0.0,Urban,N
180,LP001633,Male,Yes,1,Graduate,No,51200,58000.0,1440.0,360.0,0.0,Urban,N
181,LP001634,Male,No,0,Graduate,No,15328,40504.0,536.0,360.0,,Rural,N
182,LP001636,Male,Yes,0,Graduate,No,36800,0.0,584.0,180.0,1.0,Semiurban,Y
183,LP001637,Male,Yes,1,Graduate,No,270768,0.0,2080.0,360.0,1.0,Semiurban,N
184,LP001639,Female,Yes,0,Graduate,No,29000,0.0,864.0,360.0,1.0,Semiurban,Y
185,LP001640,Male,Yes,0,Graduate,Yes,313176,38000.0,960.0,360.0,1.0,Semiurban,Y
186,LP001641,Male,Yes,1,Graduate,Yes,17424,0.0,528.0,300.0,0.0,Rural,N
187,LP001643,Male,Yes,0,Graduate,No,19064,17104.0,464.0,360.0,,Rural,Y
188,LP001644,,Yes,0,Graduate,Yes,5392,42368.0,1344.0,360.0,1.0,Rural,Y
189,LP001647,Male,Yes,0,Graduate,No,74624,0.0,1504.0,180.0,1.0,Rural,Y
190,LP001653,Male,No,0,Not Graduate,No,39080,0.0,384.0,360.0,1.0,Rural,Y
191,LP001656,Male,No,0,Graduate,No,96000,0.0,1312.0,360.0,1.0,Semiurban,N
192,LP001657,Male,Yes,0,Not Graduate,No,48264,0.0,1280.0,360.0,1.0,Urban,N
193,LP001658,Male,No,0,Graduate,No,30864,0.0,608.0,360.0,1.0,Semiurban,Y
194,LP001664,Male,No,0,Graduate,No,33528,0.0,960.0,360.0,1.0,Rural,Y
195,LP001665,Male,Yes,1,Graduate,No,25000,20664.0,1360.0,360.0,1.0,Semiurban,N
196,LP001666,Male,No,0,Graduate,No,66664,30000.0,1496.0,360.0,1.0,Rural,Y
197,LP001669,Female,No,0,Not Graduate,No,15256,18920.0,960.0,,1.0,Urban,Y
198,LP001671,Female,Yes,0,Graduate,No,27328,22528.0,904.0,360.0,,Semiurban,Y
199,LP001673,Male,No,0,Graduate,Yes,88000,0.0,664.0,360.0,1.0,Urban,N
200,LP001674,Male,Yes,1,Not Graduate,No,20800,20000.0,720.0,360.0,1.0,Semiurban,Y
201,LP001677,Male,No,2,Graduate,No,39384,0.0,1328.0,360.0,0.0,Semiurban,Y
202,LP001682,Male,Yes,3+,Not Graduate,No,31936,0.0,,180.0,1.0,Urban,N
203,LP001688,Male,Yes,1,Not Graduate,No,28000,8664.0,1080.0,360.0,1.0,Urban,Y
204,LP001691,Male,Yes,2,Not Graduate,No,31336,0.0,992.0,360.0,1.0,Semiurban,Y
205,LP001692,Female,No,0,Not Graduate,No,35264,0.0,960.0,360.0,1.0,Semiurban,Y
206,LP001693,Female,No,0,Graduate,No,25952,0.0,640.0,360.0,1.0,Urban,Y
207,LP001698,Male,No,0,Not Graduate,No,31800,20248.0,440.0,360.0,1.0,Rural,Y
208,LP001699,Male,No,0,Graduate,No,19832,0.0,472.0,360.0,1.0,Urban,Y
209,LP001702,Male,No,0,Graduate,No,27344,0.0,1016.0,360.0,1.0,Semiurban,N
210,LP001708,Female,No,0,Graduate,No,80000,0.0,1712.0,360.0,1.0,Semiurban,N
211,LP001711,Male,Yes,3+,Graduate,No,27440,10000.0,1024.0,360.0,0.0,Semiurban,N
212,LP001713,Male,Yes,1,Graduate,Yes,62296,0.0,1920.0,360.0,1.0,Urban,Y
213,LP001715,Male,Yes,3+,Not Graduate,Yes,45624,0.0,1040.0,360.0,1.0,Rural,Y
214,LP001716,Male,Yes,0,Graduate,No,25384,24168.0,1096.0,360.0,1.0,Urban,Y
215,LP001720,Male,Yes,3+,Not Graduate,No,30800,7864.0,800.0,360.0,1.0,Semiurban,Y
216,LP001722,Male,Yes,0,Graduate,No,1200,14400.0,1080.0,360.0,1.0,Rural,N
217,LP001726,Male,Yes,0,Graduate,No,29816,14200.0,1048.0,360.0,1.0,Semiurban,Y
218,LP001732,Male,Yes,2,Graduate,,40000,0.0,576.0,360.0,0.0,Semiurban,N
219,LP001734,Female,Yes,2,Graduate,No,34264,19064.0,1016.0,360.0,,Semiurban,Y
220,LP001736,Male,Yes,0,Graduate,No,17768,0.0,480.0,360.0,0.0,Urban,N
221,LP001743,Male,Yes,2,Graduate,No,32072,13736.0,928.0,360.0,1.0,Semiurban,Y
222,LP001744,Male,No,0,Graduate,No,23768,22328.0,1152.0,360.0,1.0,Semiurban,Y
223,LP001749,Male,Yes,0,Graduate,No,60624,8080.0,1400.0,,1.0,Semiurban,Y
224,LP001750,Male,Yes,0,Graduate,No,50000,0.0,1024.0,360.0,1.0,Semiurban,Y
225,LP001751,Male,Yes,0,Graduate,No,26000,0.0,1360.0,360.0,1.0,Rural,N
226,LP001754,Male,Yes,,Not Graduate,Yes,37880,0.0,1104.0,360.0,1.0,Urban,N
227,LP001758,Male,Yes,2,Graduate,No,50000,13560.0,1680.0,360.0,1.0,Semiurban,Y
228,LP001760,Male,,,Graduate,No,38064,0.0,1264.0,480.0,1.0,Semiurban,Y
229,LP001761,Male,No,0,Graduate,Yes,51200,0.0,1600.0,360.0,1.0,Rural,Y
230,LP001765,Male,Yes,1,Graduate,No,19928,16432.0,832.0,360.0,1.0,Semiurban,Y
231,LP001768,Male,Yes,0,Graduate,,29728,0.0,336.0,180.0,1.0,Rural,Y
232,LP001770,Male,No,0,Not Graduate,No,25512,20784.0,960.0,,1.0,Rural,Y
233,LP001776,Female,No,0,Graduate,No,66664,0.0,2240.0,360.0,1.0,Semiurban,Y
234,LP001778,Male,Yes,1,Graduate,No,25240,14232.0,1120.0,360.0,1.0,Semiurban,Y
235,LP001784,Male,Yes,1,Graduate,No,44000,10080.0,1360.0,360.0,1.0,Rural,Y
236,LP001786,Male,Yes,0,Graduate,,45968,0.0,2040.0,360.0,,Urban,N
237,LP001788,Female,No,0,Graduate,Yes,27704,0.0,976.0,360.0,,Urban,Y
238,LP001790,Female,No,1,Graduate,No,30496,0.0,896.0,360.0,1.0,Rural,Y
239,LP001792,Male,Yes,1,Graduate,No,26520,0.0,768.0,360.0,1.0,Semiurban,Y
240,LP001798,Male,Yes,2,Graduate,No,46552,40000.0,960.0,360.0,1.0,Rural,Y
241,LP001800,Male,Yes,1,Not Graduate,No,20080,15864.0,1120.0,180.0,1.0,Urban,N
242,LP001806,Male,No,0,Graduate,No,23720,45608.0,1240.0,60.0,1.0,Urban,Y
243,LP001807,Male,Yes,2,Graduate,Yes,50000,10400.0,864.0,360.0,1.0,Rural,Y
244,LP001811,Male,Yes,0,Not Graduate,No,27248,35336.0,984.0,360.0,1.0,Semiurban,Y
245,LP001813,Male,No,0,Graduate,Yes,48400,34664.0,960.0,180.0,1.0,Urban,N
246,LP001814,Male,Yes,2,Graduate,No,77624,0.0,896.0,360.0,1.0,Urban,Y
247,LP001819,Male,Yes,1,Not Graduate,No,52864,0.0,1096.0,180.0,1.0,Urban,Y
248,LP001824,Male,Yes,1,Graduate,No,23056,14744.0,984.0,480.0,1.0,Semiurban,Y
249,LP001825,Male,Yes,0,Graduate,No,14472,14944.0,720.0,360.0,1.0,Urban,Y
250,LP001835,Male,Yes,0,Not Graduate,No,13344,31120.0,1608.0,360.0,0.0,Semiurban,N
251,LP001836,Female,No,2,Graduate,No,27416,0.0,1104.0,360.0,1.0,Urban,N
252,LP001841,Male,No,0,Not Graduate,Yes,20664,17336.0,832.0,360.0,1.0,Rural,Y
253,LP001843,Male,Yes,1,Not Graduate,No,21288,56808.0,2232.0,180.0,1.0,Semiurban,Y
254,LP001844,Male,No,0,Graduate,Yes,130000,0.0,1536.0,360.0,0.0,Urban,N
255,LP001846,Female,No,3+,Graduate,No,24664,0.0,2040.0,360.0,1.0,Rural,Y
256,LP001849,Male,No,0,Not Graduate,No,48360,0.0,920.0,360.0,0.0,Rural,N
257,LP001854,Male,Yes,3+,Graduate,No,42000,0.0,752.0,360.0,1.0,Urban,N
258,LP001859,Male,Yes,0,Graduate,No,117464,16800.0,2432.0,360.0,1.0,Rural,N
259,LP001864,Male,Yes,3+,Not Graduate,No,39448,0.0,1024.0,360.0,,Semiurban,N
260,LP001865,Male,Yes,1,Graduate,No,48664,34000.0,2640.0,360.0,,Urban,Y
261,LP001868,Male,No,0,Graduate,No,16480,17672.0,1072.0,360.0,1.0,Semiurban,Y
262,LP001870,Female,No,1,Graduate,No,27848,0.0,1240.0,36.0,1.0,Semiurban,N
263,LP001871,Female,No,0,Graduate,No,57600,0.0,960.0,360.0,1.0,Rural,Y
264,LP001872,Male,No,0,Graduate,Yes,41328,0.0,1024.0,360.0,1.0,Semiurban,Y
265,LP001875,Male,No,0,Graduate,No,32760,27576.0,1208.0,360.0,1.0,Rural,Y
266,LP001877,Male,Yes,2,Graduate,No,37664,11096.0,1200.0,360.0,1.0,Semiurban,Y
267,LP001882,Male,Yes,3+,Graduate,No,34664,14488.0,1280.0,360.0,0.0,Urban,Y
268,LP001883,Female,No,0,Graduate,,27344,0.0,1080.0,360.0,1.0,Rural,N
269,LP001884,Female,No,1,Graduate,No,23008,12480.0,720.0,360.0,1.0,Urban,Y
270,LP001888,Female,No,0,Graduate,No,25896,0.0,240.0,360.0,1.0,Urban,Y
271,LP001891,Male,Yes,0,Graduate,No,89168,0.0,1088.0,360.0,1.0,Urban,Y
272,LP001892,Male,No,0,Graduate,No,22664,14856.0,1008.0,360.0,1.0,Rural,Y
273,LP001894,Male,Yes,0,Graduate,No,20960,17784.0,1200.0,360.0,1.0,Semiurban,Y
274,LP001896,Male,Yes,2,Graduate,No,31200,0.0,720.0,360.0,1.0,Semiurban,Y
275,LP001900,Male,Yes,1,Graduate,No,22000,14736.0,920.0,360.0,1.0,Semiurban,Y
276,LP001903,Male,Yes,0,Graduate,No,31944,26192.0,1656.0,360.0,1.0,Semiurban,Y
277,LP001904,Male,Yes,0,Graduate,No,24824,10400.0,640.0,360.0,1.0,Urban,Y
278,LP001907,Male,Yes,0,Graduate,No,116664,0.0,3488.0,360.0,1.0,Semiurban,Y
279,LP001908,Female,Yes,0,Not Graduate,No,32800,0.0,992.0,360.0,,Rural,Y
280,LP001910,Male,No,1,Not Graduate,Yes,32424,19408.0,1264.0,360.0,0.0,Urban,N
281,LP001914,Male,Yes,0,Graduate,No,31416,6400.0,896.0,360.0,1.0,Semiurban,Y
282,LP001915,Male,Yes,2,Graduate,No,18408,7886.399902399999,624.0,180.0,1.0,Urban,Y
283,LP001917,Female,No,0,Graduate,No,14488,13328.0,432.0,360.0,1.0,Urban,Y
284,LP001922,Male,Yes,0,Graduate,No,165336,0.0,,360.0,1.0,Rural,N
285,LP001924,Male,No,0,Graduate,No,25264,24424.0,712.0,360.0,1.0,Rural,Y
286,LP001925,Female,No,0,Graduate,Yes,20800,13736.0,792.0,300.0,1.0,Semiurban,N
287,LP001926,Male,Yes,0,Graduate,No,29632,16000.0,960.0,360.0,1.0,Rural,Y
288,LP001931,Female,No,0,Graduate,No,32992,0.0,920.0,360.0,1.0,Semiurban,Y
289,LP001935,Male,No,0,Graduate,No,76064,0.0,1496.0,360.0,1.0,Rural,Y
290,LP001936,Male,Yes,0,Graduate,No,24600,19328.0,1112.0,360.0,1.0,Rural,Y
291,LP001938,Male,Yes,2,Graduate,No,35200,0.0,1016.0,360.0,0.0,Semiurban,N
292,LP001940,Male,Yes,2,Graduate,No,25224,12480.0,1072.0,360.0,1.0,Urban,Y
293,LP001945,Female,No,,Graduate,No,43336,0.0,1144.0,480.0,0.0,Urban,N
294,LP001947,Male,Yes,0,Graduate,No,19064,26672.0,1376.0,360.0,1.0,Semiurban,Y
295,LP001949,Male,Yes,3+,Graduate,,35328,10000.0,880.0,360.0,1.0,Urban,Y
296,LP001953,Male,Yes,1,Graduate,No,55000,0.0,1600.0,360.0,1.0,Semiurban,Y
297,LP001954,Female,Yes,1,Graduate,No,37328,0.0,1080.0,360.0,1.0,Urban,Y
298,LP001955,Female,No,0,Graduate,No,40000,20328.0,1208.0,480.0,1.0,Rural,N
299,LP001963,Male,Yes,1,Graduate,No,16112,23400.0,904.0,360.0,1.0,Urban,N
300,LP001964,Male,Yes,0,Not Graduate,No,14400,23472.0,744.0,360.0,0.0,Urban,N
301,LP001972,Male,Yes,,Not Graduate,No,23000,14000.0,840.0,360.0,1.0,Semiurban,Y
302,LP001974,Female,No,0,Graduate,No,40000,0.0,1056.0,360.0,1.0,Rural,Y
303,LP001977,Male,Yes,1,Graduate,No,13000,14424.0,768.0,360.0,1.0,Urban,Y
304,LP001978,Male,No,0,Graduate,No,32000,20000.0,1120.0,360.0,1.0,Rural,Y
305,LP001990,Male,No,0,Not Graduate,No,16000,0.0,,360.0,1.0,Urban,N
306,LP001993,Female,No,0,Graduate,No,30096,13328.0,1080.0,360.0,1.0,Rural,Y
307,LP001994,Female,No,0,Graduate,No,19200,14904.0,832.0,360.0,0.0,Urban,N
308,LP001996,Male,No,0,Graduate,No,161864,0.0,3840.0,360.0,1.0,Rural,N
309,LP001998,Male,Yes,2,Not Graduate,No,61336,0.0,1480.0,360.0,,Rural,Y
310,LP002002,Female,No,0,Graduate,No,23336,0.0,672.0,360.0,1.0,Semiurban,Y
311,LP002004,Male,No,0,Not Graduate,No,23416,19240.0,888.0,360.0,1.0,Semiurban,Y
312,LP002006,Female,No,0,Graduate,No,20056,0.0,448.0,360.0,1.0,Rural,Y
313,LP002008,Male,Yes,2,Graduate,Yes,45968,0.0,1152.0,84.0,,Rural,Y
314,LP002024,,Yes,0,Graduate,No,19784,14744.0,1272.0,360.0,1.0,Rural,N
315,LP002031,Male,Yes,1,Not Graduate,No,27192,13120.0,888.0,180.0,1.0,Urban,Y
316,LP002035,Male,Yes,2,Graduate,No,29736,0.0,960.0,360.0,1.0,Semiurban,Y
317,LP002036,Male,Yes,0,Graduate,No,16464,17072.0,704.0,360.0,,Urban,Y
318,LP002043,Female,No,1,Graduate,No,28328,0.0,896.0,360.0,,Semiurban,Y
319,LP002050,Male,Yes,1,Graduate,Yes,80000,0.0,1240.0,360.0,1.0,Rural,N
320,LP002051,Male,Yes,0,Graduate,No,19200,17336.0,920.0,360.0,1.0,Semiurban,Y
321,LP002053,Male,Yes,3+,Graduate,No,34736,1512.0,992.0,360.0,1.0,Semiurban,Y
322,LP002054,Male,Yes,2,Not Graduate,No,28808,12720.0,,360.0,1.0,Rural,Y
323,LP002055,Female,No,0,Graduate,No,25328,23880.0,1056.0,360.0,,Rural,Y
324,LP002065,Male,Yes,3+,Graduate,No,120000,0.0,2400.0,360.0,1.0,Rural,Y
325,LP002067,Male,Yes,1,Graduate,Yes,69328,39864.0,3008.0,360.0,0.0,Rural,N
326,LP002068,Male,No,0,Graduate,No,39336,0.0,1040.0,360.0,0.0,Rural,Y
327,LP002082,Male,Yes,0,Graduate,Yes,46544,17280.0,1472.0,360.0,1.0,Semiurban,Y
328,LP002086,Female,Yes,0,Graduate,No,34664,19608.0,880.0,360.0,1.0,Urban,N
329,LP002087,Female,No,0,Graduate,No,20000,0.0,536.0,360.0,1.0,Urban,Y
330,LP002097,Male,No,1,Graduate,No,35072,14344.0,936.0,360.0,1.0,Urban,Y
331,LP002098,Male,No,0,Graduate,No,23480,0.0,784.0,360.0,1.0,Semiurban,Y
332,LP002100,Male,No,,Graduate,No,22664,0.0,568.0,360.0,1.0,Urban,Y
333,LP002101,Male,Yes,0,Graduate,,506696,0.0,3920.0,180.0,1.0,Urban,Y
334,LP002103,,Yes,1,Graduate,Yes,78664,14664.0,1456.0,180.0,1.0,Urban,Y
335,LP002106,Male,Yes,,Graduate,Yes,44024,35920.0,560.0,,1.0,Semiurban,Y
336,LP002110,Male,Yes,1,Graduate,,42000,5504.0,1280.0,360.0,1.0,Rural,Y
337,LP002112,Male,Yes,2,Graduate,Yes,20000,36800.0,1408.0,360.0,1.0,Rural,Y
338,LP002113,Female,No,3+,Not Graduate,No,14640,0.0,,360.0,0.0,Urban,N
339,LP002114,Female,No,0,Graduate,No,33280,0.0,568.0,360.0,1.0,Semiurban,Y
340,LP002115,Male,Yes,3+,Not Graduate,No,21176,12696.0,1384.0,360.0,1.0,Rural,N
341,LP002116,Female,No,0,Graduate,No,19024,0.0,368.0,360.0,1.0,Rural,N
342,LP002119,Male,Yes,1,Not Graduate,No,36432,9832.0,1264.0,360.0,1.0,Urban,Y
343,LP002126,Male,Yes,3+,Not Graduate,No,25384,0.0,592.0,360.0,1.0,Semiurban,Y
344,LP002128,Male,Yes,2,Graduate,,20664,18640.0,1000.0,360.0,1.0,Rural,Y
345,LP002129,Male,Yes,0,Graduate,No,19992,19664.0,1280.0,360.0,1.0,Semiurban,Y
346,LP002130,Male,Yes,,Not Graduate,No,28184,25840.0,1216.0,360.0,0.0,Rural,N
347,LP002131,Male,Yes,2,Not Graduate,No,24664,17344.0,1008.0,360.0,1.0,Urban,Y
348,LP002137,Male,Yes,0,Graduate,No,50664,36664.0,2072.0,360.0,,Semiurban,Y
349,LP002138,Male,Yes,0,Graduate,No,21000,50000.0,1496.0,360.0,1.0,Rural,Y
350,LP002139,Male,Yes,0,Graduate,No,72664,0.0,1824.0,360.0,1.0,Semiurban,Y
351,LP002140,Male,No,0,Graduate,No,70000,33336.0,2464.0,360.0,1.0,Rural,N
352,LP002141,Male,Yes,3+,Graduate,No,21328,16664.0,760.0,360.0,1.0,Rural,Y
353,LP002142,Female,Yes,0,Graduate,Yes,44000,0.0,840.0,360.0,0.0,Rural,N
354,LP002143,Female,Yes,0,Graduate,No,19384,4040.0,1040.0,360.0,1.0,Semiurban,Y
355,LP002144,Female,No,,Graduate,No,30504,0.0,928.0,180.0,1.0,Urban,Y
356,LP002149,Male,Yes,2,Graduate,No,66664,25336.0,1320.0,360.0,1.0,Rural,Y
357,LP002151,Male,Yes,1,Graduate,No,31000,0.0,536.0,360.0,1.0,Urban,N
358,LP002158,Male,Yes,0,Not Graduate,No,24000,13328.0,800.0,480.0,0.0,Urban,N
359,LP002160,Male,Yes,3+,Graduate,No,41336,25336.0,1600.0,360.0,1.0,Semiurban,Y
360,LP002161,Female,No,1,Graduate,No,37784,0.0,648.0,360.0,1.0,Semiurban,N
361,LP002170,Male,Yes,2,Graduate,No,40000,29336.0,1888.0,360.0,1.0,Semiurban,Y
362,LP002175,Male,Yes,0,Graduate,No,38000,18664.0,1040.0,360.0,1.0,Urban,Y
363,LP002178,Male,Yes,0,Graduate,No,24104,24264.0,760.0,300.0,,Urban,Y
364,LP002180,Male,No,0,Graduate,Yes,54576,0.0,1128.0,360.0,1.0,Rural,Y
365,LP002181,Male,No,0,Not Graduate,No,49728,0.0,1064.0,360.0,1.0,Rural,N
366,LP002187,Male,No,0,Graduate,No,20000,0.0,768.0,480.0,1.0,Semiurban,N
367,LP002188,Male,No,0,Graduate,No,40992,0.0,992.0,,0.0,Rural,N
368,LP002190,Male,Yes,1,Graduate,No,50600,0.0,1400.0,360.0,1.0,Semiurban,Y
369,LP002191,Male,Yes,0,Graduate,No,157840,42128.0,4560.0,360.0,1.0,Rural,N
370,LP002194,Female,No,0,Graduate,Yes,126072,0.0,440.0,360.0,1.0,Semiurban,Y
371,LP002197,Male,Yes,2,Graduate,No,41480,0.0,1240.0,360.0,1.0,Semiurban,Y
372,LP002201,Male,Yes,2,Graduate,Yes,74584,62984.0,3040.0,300.0,1.0,Rural,Y
373,LP002205,Male,No,1,Graduate,No,24496,15896.0,888.0,180.0,0.0,Urban,N
374,LP002209,Female,No,0,Graduate,,22112,11672.0,880.0,360.0,1.0,Urban,Y
375,LP002211,Male,Yes,0,Graduate,No,38536,7384.0,960.0,180.0,1.0,Urban,Y
376,LP002219,Male,Yes,3+,Graduate,No,70000,39968.0,1040.0,360.0,1.0,Rural,Y
377,LP002223,Male,Yes,0,Graduate,No,34480,0.0,1040.0,360.0,,Semiurban,Y
378,LP002224,Male,No,0,Graduate,No,24552,0.0,568.0,480.0,1.0,Urban,N
379,LP002225,Male,Yes,2,Graduate,No,43128,0.0,1040.0,360.0,1.0,Urban,Y
380,LP002226,Male,Yes,0,Graduate,,26664,20000.0,1024.0,360.0,1.0,Semiurban,Y
381,LP002229,Male,No,0,Graduate,No,47528,33856.0,2368.0,360.0,1.0,Semiurban,Y
382,LP002231,Female,No,0,Graduate,No,48000,0.0,1248.0,360.0,1.0,Urban,Y
383,LP002234,Male,No,0,Graduate,Yes,57336,0.0,1024.0,360.0,1.0,Urban,Y
384,LP002236,Male,Yes,2,Graduate,No,36528,0.0,800.0,360.0,1.0,Urban,N
385,LP002237,Male,No,1,Graduate,,29336,0.0,904.0,180.0,1.0,Urban,Y
386,LP002239,Male,No,0,Not Graduate,No,18768,12800.0,1056.0,360.0,1.0,Semiurban,Y
387,LP002243,Male,Yes,0,Not Graduate,No,24080,25088.0,,360.0,0.0,Urban,N
388,LP002244,Male,Yes,0,Graduate,No,18664,19336.0,1088.0,360.0,1.0,Urban,Y
389,LP002250,Male,Yes,0,Graduate,No,43904,0.0,1000.0,360.0,1.0,Rural,Y
390,LP002255,Male,No,3+,Graduate,No,73336,0.0,1480.0,360.0,1.0,Rural,Y
391,LP002262,Male,Yes,3+,Graduate,No,76032,0.0,2200.0,360.0,1.0,Rural,Y
392,LP002263,Male,Yes,0,Graduate,No,20664,16920.0,960.0,360.0,,Urban,Y
393,LP002265,Male,Yes,2,Not Graduate,No,15944,13000.0,904.0,180.0,1.0,Semiurban,Y
394,LP002266,Male,Yes,2,Graduate,No,24800,11200.0,904.0,360.0,1.0,Urban,Y
395,LP002272,Male,Yes,2,Graduate,No,26208,3872.0,1080.0,360.0,,Semiurban,Y
396,LP002277,Female,No,0,Graduate,No,25440,0.0,568.0,360.0,0.0,Urban,N
397,LP002281,Male,Yes,0,Graduate,No,24264,11672.0,760.0,360.0,1.0,Urban,Y
398,LP002284,Male,No,0,Not Graduate,No,31216,13328.0,872.0,360.0,1.0,Rural,Y
399,LP002287,Female,No,0,Graduate,No,12000,14400.0,824.0,360.0,0.0,Semiurban,N
400,LP002288,Male,Yes,2,Not Graduate,No,23112,0.0,360.0,180.0,0.0,Urban,N
401,LP002296,Male,No,0,Not Graduate,No,22040,0.0,520.0,300.0,1.0,Rural,N
402,LP002297,Male,No,0,Graduate,No,20000,160000.0,824.0,360.0,1.0,Semiurban,Y
403,LP002300,Female,No,0,Not Graduate,No,15704,0.0,424.0,360.0,1.0,Semiurban,Y
404,LP002301,Female,No,0,Graduate,Yes,59528,0.0,1552.0,360.0,1.0,Rural,N
405,LP002305,Female,No,0,Graduate,No,36376,0.0,920.0,360.0,1.0,Semiurban,Y
406,LP002308,Male,Yes,0,Not Graduate,No,17336,19200.0,920.0,360.0,1.0,Urban,Y
407,LP002314,Female,No,0,Not Graduate,No,17704,0.0,528.0,360.0,1.0,Rural,Y
408,LP002315,Male,Yes,1,Graduate,No,66400,0.0,1216.0,300.0,0.0,Semiurban,N
409,LP002317,Male,Yes,3+,Graduate,No,648000,0.0,2880.0,360.0,0.0,Rural,N
410,LP002318,Female,No,1,Not Graduate,Yes,30936,0.0,496.0,360.0,1.0,Semiurban,N
411,LP002319,Male,Yes,0,Graduate,,50048,0.0,1280.0,360.0,,Urban,Y
412,LP002328,Male,Yes,0,Not Graduate,No,48768,0.0,1744.0,360.0,0.0,Rural,N
413,LP002332,Male,Yes,0,Not Graduate,No,18024,16264.0,880.0,360.0,1.0,Rural,Y
414,LP002335,Female,Yes,0,Not Graduate,No,17192,25896.0,1424.0,360.0,0.0,Semiurban,N
415,LP002337,Female,No,0,Graduate,No,23960,0.0,480.0,360.0,1.0,Urban,Y
416,LP002341,Female,No,1,Graduate,No,20800,0.0,1280.0,360.0,1.0,Urban,N
417,LP002342,Male,Yes,2,Graduate,Yes,12800,160000.0,1912.0,360.0,1.0,Urban,N
418,LP002345,Male,Yes,0,Graduate,No,8200,22184.0,896.0,360.0,1.0,Rural,Y
419,LP002347,Male,Yes,0,Graduate,No,25968,11336.0,1104.0,360.0,1.0,Semiurban,Y
420,LP002348,Male,Yes,0,Graduate,No,46632,0.0,1104.0,360.0,1.0,Rural,Y
421,LP002357,Female,No,0,Not Graduate,No,21760,0.0,640.0,,0.0,Urban,N
422,LP002361,Male,Yes,0,Graduate,No,14560,13752.0,800.0,360.0,1.0,Urban,Y
423,LP002362,Male,Yes,1,Graduate,No,58000,13336.0,880.0,,0.0,Urban,N
424,LP002364,Male,Yes,0,Graduate,No,119040,0.0,768.0,360.0,1.0,Semiurban,Y
425,LP002366,Male,Yes,0,Graduate,No,21328,34400.0,968.0,360.0,1.0,Rural,Y
426,LP002367,Female,No,1,Not Graduate,No,36848,0.0,648.0,360.0,1.0,Rural,N
427,LP002368,Male,Yes,2,Graduate,No,47480,0.0,1064.0,360.0,1.0,Semiurban,Y
428,LP002369,Male,Yes,0,Graduate,No,23360,128.96000672,696.0,360.0,1.0,Rural,Y
429,LP002370,Male,No,0,Not Graduate,No,21736,0.0,480.0,180.0,1.0,Urban,Y
430,LP002377,Female,No,1,Graduate,Yes,68992,0.0,1200.0,360.0,1.0,Semiurban,Y
431,LP002379,Male,No,0,Graduate,No,52000,0.0,840.0,360.0,0.0,Rural,N
432,LP002386,Male,No,0,Graduate,,103008,0.0,3240.0,360.0,1.0,Semiurban,Y
433,LP002387,Male,Yes,0,Graduate,No,19400,18720.0,1144.0,360.0,1.0,Semiurban,Y
434,LP002390,Male,No,0,Graduate,No,30000,0.0,800.0,360.0,1.0,Urban,Y
435,LP002393,Female,,,Graduate,No,80376,0.0,,240.0,1.0,Semiurban,Y
436,LP002398,Male,No,0,Graduate,No,15408,14808.0,400.0,360.0,1.0,Semiurban,Y
437,LP002401,Male,Yes,0,Graduate,No,17704,9000.0,,360.0,1.0,Urban,Y
438,LP002403,Male,No,0,Graduate,Yes,83328,0.0,1496.0,360.0,0.0,Urban,N
439,LP002407,Female,Yes,0,Not Graduate,Yes,57136,0.0,1104.0,360.0,1.0,Rural,Y
440,LP002408,Male,No,0,Graduate,No,29280,40512.0,1496.0,360.0,1.0,Semiurban,Y
441,LP002409,Male,Yes,0,Graduate,No,63208,14664.0,1440.0,360.0,1.0,Rural,Y
442,LP002418,Male,No,3+,Not Graduate,No,37656,15944.0,1184.0,360.0,1.0,Semiurban,Y
443,LP002422,Male,No,1,Graduate,No,301752,0.0,1216.0,360.0,1.0,Semiurban,Y
444,LP002424,Male,Yes,0,Graduate,No,58664,66664.0,1400.0,300.0,,Rural,Y
445,LP002429,Male,Yes,1,Graduate,Yes,27728,9680.0,1040.0,360.0,1.0,Rural,Y
446,LP002434,Male,Yes,2,Not Graduate,No,37216,0.0,880.0,360.0,1.0,Rural,Y
447,LP002435,Male,Yes,0,Graduate,,28312,11008.0,440.0,360.0,1.0,Rural,N
448,LP002443,Male,Yes,2,Graduate,No,26720,13680.0,1200.0,360.0,0.0,Rural,N
449,LP002444,Male,No,1,Not Graduate,Yes,22152,12336.0,1520.0,360.0,,Semiurban,N
450,LP002446,Male,Yes,2,Not Graduate,No,18472,10040.0,1000.0,360.0,0.0,Rural,N
451,LP002447,Male,Yes,2,Not Graduate,No,15664,11648.0,480.0,300.0,,Urban,Y
452,LP002448,Male,Yes,0,Graduate,No,31584,13864.0,1192.0,360.0,0.0,Rural,N
453,LP002449,Male,Yes,0,Graduate,No,19864,19728.0,720.0,180.0,0.0,Rural,Y
454,LP002453,Male,No,0,Graduate,Yes,56680,0.0,672.0,360.0,1.0,Semiurban,Y
455,LP002455,Male,Yes,2,Graduate,No,30872,0.0,768.0,360.0,1.0,Semiurban,Y
456,LP002459,Male,Yes,0,Graduate,No,34408,0.0,944.0,360.0,1.0,Urban,Y
457,LP002467,Male,Yes,0,Graduate,No,29664,20552.0,1384.0,360.0,1.0,Urban,N
458,LP002472,Male,No,2,Graduate,No,34832,0.0,1088.0,360.0,1.0,Rural,Y
459,LP002473,Male,Yes,0,Graduate,No,66672,0.0,1280.0,360.0,1.0,Semiurban,N
460,LP002478,,Yes,0,Graduate,Yes,16664,32664.0,1280.0,360.0,,Semiurban,Y
461,LP002484,Male,Yes,3+,Graduate,No,61920,0.0,1024.0,180.0,1.0,Urban,Y
462,LP002487,Male,Yes,0,Graduate,No,24120,17504.0,1224.0,360.0,1.0,Rural,Y
463,LP002489,Female,No,1,Not Graduate,,41528,0.0,1056.0,360.0,1.0,Semiurban,Y
464,LP002493,Male,No,0,Graduate,No,33328,0.0,784.0,360.0,0.0,Semiurban,N
465,LP002494,Male,No,0,Graduate,No,48000,0.0,1120.0,360.0,1.0,Rural,Y
466,LP002500,Male,Yes,3+,Not Graduate,No,23576,13312.0,560.0,180.0,0.0,Urban,N
467,LP002501,,Yes,0,Graduate,No,133536,0.0,880.0,360.0,1.0,Semiurban,Y
468,LP002502,Female,Yes,2,Not Graduate,,1680,23336.0,784.0,360.0,1.0,Semiurban,Y
469,LP002505,Male,Yes,0,Graduate,No,34664,19608.0,880.0,360.0,1.0,Urban,N
470,LP002515,Male,Yes,1,Graduate,Yes,27600,16632.0,1296.0,360.0,1.0,Semiurban,Y
471,LP002517,Male,Yes,1,Not Graduate,No,21224,12000.0,904.0,180.0,0.0,Rural,N
472,LP002519,Male,Yes,3+,Graduate,No,37528,0.0,800.0,360.0,1.0,Semiurban,Y
473,LP002522,Female,No,0,Graduate,Yes,20000,0.0,744.0,360.0,,Urban,Y
474,LP002524,Male,No,2,Graduate,No,44256,37184.0,1296.0,360.0,1.0,Rural,Y
475,LP002527,Male,Yes,2,Graduate,Yes,132200,8112.0,1200.0,360.0,1.0,Rural,Y
476,LP002529,Male,Yes,2,Graduate,No,53600,14000.0,1840.0,300.0,1.0,Semiurban,Y
477,LP002530,,Yes,2,Graduate,No,22984,14976.0,1056.0,360.0,0.0,Semiurban,N
478,LP002531,Male,Yes,1,Graduate,Yes,133336,18000.0,688.0,360.0,1.0,Semiurban,Y
479,LP002533,Male,Yes,2,Graduate,No,23576,12824.0,,360.0,1.0,Urban,N
480,LP002534,Female,No,0,Not Graduate,No,34800,0.0,1232.0,360.0,1.0,Rural,Y
481,LP002536,Male,Yes,3+,Not Graduate,No,24760,0.0,904.0,360.0,1.0,Rural,Y
482,LP002537,Male,Yes,0,Graduate,No,16664,25200.0,1024.0,360.0,1.0,Semiurban,Y
483,LP002541,Male,Yes,0,Graduate,No,86664,0.0,1872.0,360.0,1.0,Semiurban,Y
484,LP002543,Male,Yes,2,Graduate,No,66664,0.0,1968.0,360.0,1.0,Semiurban,Y
485,LP002544,Male,Yes,1,Not Graduate,No,15664,19488.0,1048.0,360.0,1.0,Rural,Y
486,LP002545,Male,No,2,Graduate,No,28376,0.0,640.0,360.0,0.0,Rural,N
487,LP002547,Male,Yes,1,Graduate,No,146664,0.0,4000.0,360.0,1.0,Urban,N
488,LP002555,Male,Yes,2,Graduate,Yes,36664,16664.0,1280.0,360.0,1.0,Semiurban,Y
489,LP002556,Male,No,0,Graduate,No,19480,0.0,600.0,360.0,1.0,Urban,N
490,LP002560,Male,No,0,Not Graduate,No,21592,22280.0,768.0,360.0,,Semiurban,Y
491,LP002562,Male,Yes,1,Not Graduate,No,42664,9048.0,1488.0,360.0,,Urban,Y
492,LP002571,Male,No,0,Not Graduate,No,29528,0.0,880.0,360.0,1.0,Rural,Y
493,LP002582,Female,No,0,Not Graduate,Yes,138104,0.0,1800.0,360.0,1.0,Semiurban,Y
494,LP002585,Male,Yes,0,Graduate,No,28776,17256.0,952.0,360.0,0.0,Rural,N
495,LP002586,Female,Yes,1,Graduate,No,26608,7304.0,840.0,84.0,1.0,Semiurban,Y
496,LP002587,Male,Yes,0,Not Graduate,No,20800,13600.0,856.0,360.0,1.0,Rural,Y
497,LP002588,Male,Yes,0,Graduate,No,37000,22856.0,888.0,12.0,,Urban,Y
498,LP002600,Male,Yes,1,Graduate,Yes,23160,0.0,760.0,360.0,1.0,Semiurban,Y
499,LP002602,Male,No,0,Graduate,No,50264,35328.0,1672.0,360.0,0.0,Rural,N
500,LP002603,Female,No,0,Graduate,No,5160,29464.0,904.0,480.0,1.0,Rural,Y
501,LP002606,Female,No,0,Graduate,No,25272,0.0,800.0,360.0,1.0,Semiurban,Y
502,LP002615,Male,Yes,2,Graduate,No,38920,44992.0,1664.0,360.0,1.0,Semiurban,Y
503,LP002618,Male,Yes,1,Not Graduate,No,32400,42416.0,1104.0,360.0,,Rural,N
504,LP002619,Male,Yes,0,Not Graduate,No,30512,11864.0,992.0,300.0,1.0,Semiurban,Y
505,LP002622,Male,Yes,2,Graduate,No,28080,35328.0,1944.0,360.0,1.0,Rural,Y
506,LP002624,Male,Yes,0,Graduate,No,166664,53336.0,3840.0,360.0,,Urban,Y
507,LP002625,,No,0,Graduate,No,28664,0.0,768.0,360.0,1.0,Urban,N
508,LP002626,Male,Yes,0,Graduate,Yes,19832,24104.0,1504.0,360.0,1.0,Urban,Y
509,LP002634,Female,No,1,Graduate,No,106096,0.0,320.0,360.0,1.0,Urban,Y
510,LP002637,Male,No,0,Not Graduate,No,28784,10296.0,800.0,360.0,1.0,Rural,N
511,LP002640,Male,Yes,1,Graduate,No,48520,16032.0,2000.0,360.0,1.0,Semiurban,Y
512,LP002643,Male,Yes,2,Graduate,No,26264,16280.0,1184.0,360.0,1.0,Urban,Y
513,LP002648,Male,Yes,0,Graduate,No,17040,53328.0,560.0,180.0,1.0,Semiurban,N
514,LP002652,Male,No,0,Graduate,No,46520,29328.0,2488.0,360.0,1.0,Rural,N
515,LP002659,Male,Yes,3+,Graduate,No,27728,27424.0,1200.0,360.0,1.0,Rural,Y
516,LP002670,Female,Yes,2,Graduate,No,16248,13056.0,904.0,480.0,1.0,Semiurban,Y
517,LP002682,Male,Yes,,Not Graduate,No,24592,14400.0,984.0,360.0,0.0,Semiurban,N
518,LP002683,Male,No,0,Graduate,No,37464,15320.0,1480.0,360.0,1.0,Semiurban,N
519,LP002684,Female,No,0,Not Graduate,No,27200,0.0,760.0,360.0,1.0,Rural,N
520,LP002689,Male,Yes,2,Not Graduate,No,17536,13936.0,360.0,360.0,1.0,Semiurban,Y
521,LP002690,Male,No,0,Graduate,No,20000,0.0,440.0,360.0,1.0,Semiurban,Y
522,LP002692,Male,Yes,3+,Graduate,Yes,45416,11392.0,800.0,360.0,1.0,Rural,Y
523,LP002693,Male,Yes,2,Graduate,Yes,63584,57328.0,3840.0,360.0,1.0,Rural,Y
524,LP002697,Male,No,0,Graduate,No,37440,16696.0,,360.0,1.0,Semiurban,N
525,LP002699,Male,Yes,2,Graduate,Yes,140000,0.0,3200.0,360.0,1.0,Rural,Y
526,LP002705,Male,Yes,0,Graduate,No,30200,0.0,880.0,360.0,1.0,Semiurban,Y
527,LP002706,Male,Yes,1,Not Graduate,No,42280,11440.0,1288.0,360.0,0.0,Semiurban,Y
528,LP002714,Male,No,1,Not Graduate,No,21432,10416.0,752.0,360.0,1.0,Semiurban,Y
529,LP002716,Male,No,0,Not Graduate,No,54264,0.0,1040.0,360.0,1.0,Semiurban,Y
530,LP002717,Male,Yes,0,Graduate,No,8200,44000.0,1728.0,360.0,,Rural,Y
531,LP002720,Male,Yes,3+,Graduate,No,34248,0.0,800.0,360.0,1.0,Urban,Y
532,LP002723,Male,No,2,Graduate,No,28704,0.0,880.0,360.0,0.0,Rural,N
533,LP002729,Male,No,1,Graduate,No,90000,0.0,1568.0,360.0,,Semiurban,N
534,LP002731,Female,No,0,Not Graduate,Yes,145320,0.0,1000.0,360.0,1.0,Urban,Y
535,LP002732,Male,No,0,Not Graduate,,20400,16336.0,1008.0,360.0,1.0,Rural,Y
536,LP002734,Male,Yes,0,Graduate,No,49064,31248.0,2592.0,360.0,1.0,Urban,Y
537,LP002738,Male,No,2,Graduate,No,28936,0.0,856.0,360.0,1.0,Semiurban,Y
538,LP002739,Male,Yes,0,Not Graduate,No,23336,4288.0,528.0,360.0,1.0,Rural,N
539,LP002740,Male,Yes,3+,Graduate,No,51336,0.0,1256.0,180.0,1.0,Rural,Y
540,LP002741,Female,Yes,1,Graduate,No,36864,22760.0,1120.0,180.0,1.0,Semiurban,Y
541,LP002743,Female,No,0,Graduate,No,17104,0.0,792.0,360.0,0.0,Semiurban,N
542,LP002753,Female,No,1,Graduate,,29216,0.0,760.0,360.0,1.0,Semiurban,Y
543,LP002755,Male,Yes,1,Not Graduate,No,17912,20192.0,1024.0,360.0,1.0,Urban,Y
544,LP002757,Female,Yes,0,Not Graduate,No,24136,5304.0,816.0,360.0,,Semiurban,Y
545,LP002767,Male,Yes,0,Graduate,No,22144,15600.0,1240.0,360.0,1.0,Rural,Y
546,LP002768,Male,No,0,Not Graduate,No,26864,0.0,640.0,36.0,1.0,Semiurban,N
547,LP002772,Male,No,0,Graduate,No,20208,14264.0,1160.0,360.0,1.0,Rural,Y
548,LP002776,Female,No,0,Graduate,No,40000,0.0,824.0,360.0,0.0,Semiurban,N
549,LP002777,Male,Yes,0,Graduate,No,22280,16128.0,880.0,360.0,1.0,Rural,Y
550,LP002778,Male,Yes,2,Graduate,Yes,53064,0.0,,360.0,0.0,Rural,N
551,LP002784,Male,Yes,1,Not Graduate,No,19936,19000.0,,360.0,1.0,Rural,Y
552,LP002785,Male,Yes,1,Graduate,No,26664,26000.0,1264.0,360.0,1.0,Urban,Y
553,LP002788,Male,Yes,0,Not Graduate,No,19632,18664.0,1448.0,360.0,0.0,Urban,N
554,LP002789,Male,Yes,0,Graduate,No,28744,34128.0,1056.0,180.0,0.0,Rural,N
555,LP002792,Male,Yes,1,Graduate,No,43744,8256.0,208.0,360.0,1.0,Semiurban,Y
556,LP002794,Female,No,0,Graduate,No,21336,13000.0,672.0,360.0,,Urban,Y
557,LP002795,Male,Yes,3+,Graduate,Yes,81112,0.0,2080.0,360.0,1.0,Semiurban,Y
558,LP002798,Male,Yes,0,Graduate,No,31096,21352.0,1296.0,360.0,1.0,Semiurban,Y
559,LP002804,Female,Yes,0,Graduate,No,33440,18448.0,1456.0,360.0,1.0,Semiurban,Y
560,LP002807,Male,Yes,2,Not Graduate,No,29400,1936.0,864.0,360.0,1.0,Semiurban,Y
561,LP002813,Female,Yes,1,Graduate,Yes,155872,0.0,4800.0,360.0,1.0,Semiurban,Y
562,LP002820,Male,Yes,0,Graduate,No,47384,16432.0,1688.0,360.0,1.0,Rural,Y
563,LP002821,Male,No,0,Not Graduate,Yes,46400,0.0,1056.0,360.0,1.0,Semiurban,Y
564,LP002832,Male,Yes,2,Graduate,No,70392,0.0,2064.0,360.0,0.0,Urban,N
565,LP002833,Male,Yes,0,Not Graduate,No,35736,0.0,960.0,360.0,,Rural,Y
566,LP002836,Male,No,0,Graduate,No,26664,0.0,560.0,360.0,1.0,Urban,Y
567,LP002837,Male,Yes,3+,Graduate,No,27200,20000.0,984.0,360.0,0.0,Rural,N
568,LP002840,Female,No,0,Graduate,No,19024,0.0,72.0,360.0,1.0,Urban,N
569,LP002841,Male,Yes,0,Graduate,No,25328,16512.0,832.0,360.0,0.0,Urban,N
570,LP002842,Male,Yes,1,Graduate,No,27336,14000.0,1488.0,360.0,1.0,Urban,Y
571,LP002847,Male,Yes,,Graduate,No,40928,11608.0,1320.0,360.0,0.0,Urban,N
572,LP002855,Male,Yes,2,Graduate,No,133328,0.0,2200.0,360.0,1.0,Urban,Y
573,LP002862,Male,Yes,2,Not Graduate,No,49000,13000.0,1496.0,480.0,1.0,Semiurban,N
574,LP002863,Male,Yes,3+,Graduate,No,51248,0.0,1200.0,360.0,1.0,Semiurban,N
575,LP002868,Male,Yes,2,Graduate,No,25272,3688.0,864.0,84.0,1.0,Urban,Y
576,LP002872,,Yes,0,Graduate,No,24696,17680.0,1088.0,360.0,0.0,Semiurban,N
577,LP002874,Male,No,0,Graduate,No,25832,21912.0,880.0,360.0,1.0,Urban,Y
578,LP002877,Male,Yes,1,Graduate,No,14256,17856.0,856.0,360.0,1.0,Rural,Y
579,LP002888,Male,No,0,Graduate,,25456,23336.0,1288.0,360.0,1.0,Urban,Y
580,LP002892,Male,Yes,2,Graduate,No,52320,0.0,1640.0,360.0,1.0,Semiurban,Y
581,LP002893,Male,No,0,Graduate,No,14688,270696.0,720.0,360.0,1.0,Urban,N
582,LP002894,Female,Yes,0,Graduate,No,25328,0.0,288.0,360.0,1.0,Semiurban,Y
583,LP002898,Male,Yes,1,Graduate,No,15040,0.0,488.0,360.0,,Rural,N
584,LP002911,Male,Yes,1,Graduate,No,22296,15336.0,1168.0,360.0,0.0,Rural,N
585,LP002912,Male,Yes,1,Graduate,No,34264,24000.0,1376.0,84.0,1.0,Rural,N
586,LP002916,Male,Yes,0,Graduate,No,18376,12176.0,832.0,360.0,1.0,Urban,Y
587,LP002917,Female,No,0,Not Graduate,No,17320,0.0,560.0,360.0,1.0,Semiurban,Y
588,LP002925,,No,0,Graduate,No,38000,0.0,752.0,360.0,1.0,Semiurban,Y
589,LP002926,Male,Yes,2,Graduate,Yes,21808,0.0,848.0,360.0,0.0,Semiurban,N
590,LP002928,Male,Yes,0,Graduate,No,24000,27328.0,448.0,180.0,1.0,Semiurban,Y
591,LP002931,Male,Yes,2,Graduate,Yes,48000,0.0,1640.0,240.0,1.0,Semiurban,N
592,LP002933,,No,3+,Graduate,Yes,74856,0.0,2336.0,360.0,1.0,Semiurban,Y
593,LP002936,Male,Yes,0,Graduate,No,30872,26400.0,1136.0,180.0,1.0,Rural,Y
594,LP002938,Male,Yes,0,Graduate,Yes,128960,0.0,2080.0,360.0,1.0,Urban,Y
595,LP002940,Male,No,0,Not Graduate,No,30664,0.0,880.0,360.0,1.0,Rural,Y
596,LP002941,Male,Yes,2,Not Graduate,Yes,51064,8000.0,1496.0,360.0,1.0,Rural,N
597,LP002943,Male,No,,Graduate,No,23896,0.0,704.0,360.0,0.0,Semiurban,N
598,LP002945,Male,Yes,0,Graduate,Yes,79704,0.0,1440.0,360.0,1.0,Rural,Y
599,LP002948,Male,Yes,2,Graduate,No,46240,0.0,1536.0,360.0,1.0,Urban,Y
600,LP002949,Female,No,3+,Graduate,,3328,333336.0,2800.0,180.0,,Urban,N
601,LP002950,Male,Yes,0,Not Graduate,,23152,22336.0,1240.0,360.0,1.0,Rural,Y
602,LP002953,Male,Yes,3+,Graduate,No,45624,0.0,1024.0,360.0,1.0,Urban,Y
603,LP002958,Male,No,0,Graduate,No,29408,34408.0,1376.0,360.0,1.0,Rural,Y
604,LP002959,Female,Yes,1,Graduate,No,96000,0.0,3968.0,360.0,1.0,Semiurban,Y
605,LP002960,Male,Yes,0,Not Graduate,No,19200,30400.0,,180.0,1.0,Urban,N
606,LP002961,Male,Yes,1,Graduate,No,27200,20000.0,1384.0,360.0,1.0,Semiurban,Y
607,LP002964,Male,Yes,2,Not Graduate,No,31896,11288.0,1256.0,360.0,1.0,Rural,Y
608,LP002974,Male,Yes,0,Graduate,No,25856,15600.0,864.0,360.0,1.0,Rural,Y
609,LP002978,Female,No,0,Graduate,No,23200,0.0,568.0,360.0,1.0,Rural,Y
610,LP002979,Male,Yes,3+,Graduate,No,32848,0.0,320.0,180.0,1.0,Rural,Y
611,LP002983,Male,Yes,1,Graduate,No,64576,1920.0,2024.0,360.0,1.0,Urban,Y
612,LP002984,Male,Yes,2,Graduate,No,60664,0.0,1496.0,360.0,1.0,Urban,Y
613,LP002990,Female,No,0,Graduate,Yes,36664,0.0,1064.0,360.0,0.0,Semiurban,N
