customer_number,segment_id,segment_name
14,1,cluster 1
45,1,cluster 1
52,1,cluster 1
61,1,cluster 1
63,1,cluster 1
67,1,cluster 1
68,1,cluster 1
71,1,cluster 1
77,1,cluster 1
81,1,cluster 1
83,1,cluster 1
85,4,cluster 4
108,4,cluster 4
110,1,cluster 1
111,1,cluster 1
117,1,cluster 1
119,1,cluster 1
123,1,cluster 1
124,1,cluster 1
133,2,cluster 2
136,1,cluster 1
140,1,cluster 1
144,1,cluster 1
149,1,cluster 1
153,1,cluster 1
156,1,cluster 1
157,1,cluster 1
166,1,cluster 1
170,1,cluster 1
176,2,cluster 2
182,1,cluster 1
186,1,cluster 1
187,1,cluster 1
191,1,cluster 1
198,1,cluster 1
201,1,cluster 1
202,1,cluster 1
206,1,cluster 1
212,1,cluster 1
215,1,cluster 1
218,1,cluster 1
221,1,cluster 1
230,1,cluster 1
231,1,cluster 1
232,1,cluster 1
236,3,cluster 3
244,1,cluster 1
247,1,cluster 1
256,1,cluster 1
257,1,cluster 1
258,3,cluster 3
263,2,cluster 2
269,1,cluster 1
275,1,cluster 1
276,1,cluster 1
277,1,cluster 1
280,3,cluster 3
281,1,cluster 1
283,1,cluster 1
305,2,cluster 2
308,3,cluster 3
309,1,cluster 1
312,1,cluster 1
320,1,cluster 1
324,1,cluster 1
328,1,cluster 1
341,1,cluster 1
342,4,cluster 4
349,1,cluster 1
350,1,cluster 1
352,1,cluster 1
356,1,cluster 1
357,1,cluster 1
359,1,cluster 1
362,1,cluster 1
367,1,cluster 1
368,1,cluster 1
372,1,cluster 1
385,1,cluster 1
386,1,cluster 1
395,1,cluster 1
398,3,cluster 3
401,4,cluster 4
404,1,cluster 1
409,4,cluster 4
412,2,cluster 2
419,1,cluster 1
426,1,cluster 1
427,4,cluster 4
433,4,cluster 4
434,1,cluster 1
445,4,cluster 4
447,1,cluster 1
459,1,cluster 1
474,1,cluster 1
475,1,cluster 1
496,1,cluster 1
498,1,cluster 1
507,4,cluster 4
510,1,cluster 1
515,1,cluster 1
521,3,cluster 3
523,1,cluster 1
535,1,cluster 1
538,1,cluster 1
540,1,cluster 1
541,1,cluster 1
542,1,cluster 1
550,3,cluster 3
559,1,cluster 1
562,1,cluster 1
571,1,cluster 1
572,4,cluster 4
579,4,cluster 4
584,1,cluster 1
588,1,cluster 1
589,1,cluster 1
594,1,cluster 1
611,1,cluster 1
616,3,cluster 3
618,1,cluster 1
620,3,cluster 3
635,1,cluster 1
646,3,cluster 3
647,1,cluster 1
649,1,cluster 1
652,1,cluster 1
655,1,cluster 1
657,3,cluster 3
662,1,cluster 1
667,4,cluster 4
669,4,cluster 4
674,1,cluster 1
687,1,cluster 1
697,1,cluster 1
704,1,cluster 1
711,1,cluster 1
712,1,cluster 1
717,1,cluster 1
724,1,cluster 1
725,4,cluster 4
732,2,cluster 2
734,1,cluster 1
735,1,cluster 1
737,3,cluster 3
746,4,cluster 4
752,4,cluster 4
755,1,cluster 1
759,1,cluster 1
770,1,cluster 1
777,1,cluster 1
786,1,cluster 1
787,1,cluster 1
788,1,cluster 1
792,2,cluster 2
795,3,cluster 3
808,1,cluster 1
825,1,cluster 1
827,1,cluster 1
828,1,cluster 1
832,1,cluster 1
838,2,cluster 2
846,3,cluster 3
848,1,cluster 1
850,1,cluster 1
858,1,cluster 1
859,3,cluster 3
867,1,cluster 1
871,3,cluster 3
872,1,cluster 1
896,2,cluster 2
898,1,cluster 1
905,1,cluster 1
906,1,cluster 1
910,2,cluster 2
912,1,cluster 1
914,1,cluster 1
919,1,cluster 1
921,1,cluster 1
925,3,cluster 3
928,4,cluster 4
935,1,cluster 1
937,4,cluster 4
942,1,cluster 1
945,1,cluster 1
946,1,cluster 1
951,1,cluster 1
953,1,cluster 1
972,1,cluster 1
974,1,cluster 1
977,1,cluster 1
1008,1,cluster 1
1015,1,cluster 1
1018,1,cluster 1
1019,1,cluster 1
1024,1,cluster 1
1030,1,cluster 1
1031,1,cluster 1
1037,4,cluster 4
1043,1,cluster 1
1045,1,cluster 1
1046,3,cluster 3
1050,1,cluster 1
1060,1,cluster 1
1064,4,cluster 4
1071,1,cluster 1
1073,1,cluster 1
1074,1,cluster 1
1075,1,cluster 1
1076,1,cluster 1
1078,1,cluster 1
1079,1,cluster 1
1081,4,cluster 4
1083,1,cluster 1
1089,1,cluster 1
1096,4,cluster 4
1101,1,cluster 1
1109,1,cluster 1
1113,1,cluster 1
1117,1,cluster 1
1118,1,cluster 1
1121,1,cluster 1
1122,1,cluster 1
1128,3,cluster 3
1129,1,cluster 1
1143,1,cluster 1
1145,3,cluster 3
1147,1,cluster 1
1149,1,cluster 1
1152,1,cluster 1
1163,1,cluster 1
1168,1,cluster 1
1172,1,cluster 1
1174,1,cluster 1
1195,1,cluster 1
1201,1,cluster 1
1206,1,cluster 1
1212,1,cluster 1
1218,1,cluster 1
1222,1,cluster 1
1223,1,cluster 1
1224,1,cluster 1
1226,1,cluster 1
1228,3,cluster 3
1233,1,cluster 1
1241,1,cluster 1
1242,1,cluster 1
1250,1,cluster 1
1253,1,cluster 1
1254,1,cluster 1
1257,1,cluster 1
1265,4,cluster 4
1267,1,cluster 1
1268,2,cluster 2
1281,1,cluster 1
1284,1,cluster 1
1286,1,cluster 1
1292,2,cluster 2
1301,1,cluster 1
1308,1,cluster 1
1322,3,cluster 3
1325,1,cluster 1
1330,1,cluster 1
1340,1,cluster 1
1357,1,cluster 1
1364,1,cluster 1
1378,1,cluster 1
1379,3,cluster 3
1382,1,cluster 1
1388,1,cluster 1
1395,1,cluster 1
1397,2,cluster 2
1399,1,cluster 1
1406,1,cluster 1
1412,1,cluster 1
1413,1,cluster 1
1419,1,cluster 1
1421,1,cluster 1
1432,1,cluster 1
1433,1,cluster 1
1437,1,cluster 1
1442,1,cluster 1
1446,1,cluster 1
1454,1,cluster 1
1461,4,cluster 4
1464,1,cluster 1
1469,4,cluster 4
1473,1,cluster 1
1474,1,cluster 1
1480,1,cluster 1
1484,1,cluster 1
1497,4,cluster 4
1500,1,cluster 1
1508,1,cluster 1
1509,3,cluster 3
1511,1,cluster 1
1514,1,cluster 1
1519,1,cluster 1
1520,1,cluster 1
1524,1,cluster 1
1529,1,cluster 1
1540,3,cluster 3
1557,1,cluster 1
1559,1,cluster 1
1567,1,cluster 1
1579,4,cluster 4
1580,4,cluster 4
1588,1,cluster 1
1589,1,cluster 1
1594,4,cluster 4
1595,1,cluster 1
1604,1,cluster 1
1617,1,cluster 1
1623,3,cluster 3
1626,2,cluster 2
1642,3,cluster 3
1652,1,cluster 1
1654,1,cluster 1
1657,2,cluster 2
1663,1,cluster 1
1669,4,cluster 4
1671,1,cluster 1
1676,1,cluster 1
1696,1,cluster 1
1697,1,cluster 1
1704,4,cluster 4
1707,4,cluster 4
1712,2,cluster 2
1716,1,cluster 1
1717,1,cluster 1
1721,1,cluster 1
1722,1,cluster 1
1730,1,cluster 1
1731,1,cluster 1
1759,4,cluster 4
1760,1,cluster 1
1762,1,cluster 1
1764,4,cluster 4
1770,1,cluster 1
1774,1,cluster 1
1780,1,cluster 1
1793,1,cluster 1
1799,1,cluster 1
1800,1,cluster 1
1805,1,cluster 1
1820,1,cluster 1
1831,3,cluster 3
1832,1,cluster 1
1849,1,cluster 1
1864,1,cluster 1
1865,1,cluster 1
1868,1,cluster 1
1869,1,cluster 1
1874,1,cluster 1
1886,1,cluster 1
1891,4,cluster 4
1893,1,cluster 1
1894,1,cluster 1
1901,1,cluster 1
1903,1,cluster 1
1904,2,cluster 2
1905,1,cluster 1
1910,1,cluster 1
1911,1,cluster 1
1918,1,cluster 1
1922,4,cluster 4
1923,1,cluster 1
1925,1,cluster 1
1926,1,cluster 1
1932,1,cluster 1
1935,5,cluster 5
1937,1,cluster 1
1938,1,cluster 1
1939,1,cluster 1
1943,1,cluster 1
1944,1,cluster 1
1969,1,cluster 1
1978,1,cluster 1
1979,1,cluster 1
1988,1,cluster 1
1989,1,cluster 1
1999,1,cluster 1
2011,3,cluster 3
2014,1,cluster 1
2019,1,cluster 1
2024,1,cluster 1
2029,1,cluster 1
2049,1,cluster 1
2056,1,cluster 1
2063,1,cluster 1
2066,1,cluster 1
2067,1,cluster 1
2083,1,cluster 1
2110,1,cluster 1
2111,1,cluster 1
2117,1,cluster 1
2125,3,cluster 3
2131,1,cluster 1
2132,1,cluster 1
2138,3,cluster 3
2139,1,cluster 1
2140,4,cluster 4
2141,1,cluster 1
2146,1,cluster 1
2154,1,cluster 1
2162,1,cluster 1
2174,1,cluster 1
2177,3,cluster 3
2182,1,cluster 1
2183,1,cluster 1
2192,1,cluster 1
2198,1,cluster 1
2207,1,cluster 1
2209,1,cluster 1
2214,1,cluster 1
2216,1,cluster 1
2225,1,cluster 1
2226,1,cluster 1
2232,4,cluster 4
2233,4,cluster 4
2239,1,cluster 1
2242,1,cluster 1
2243,1,cluster 1
2256,1,cluster 1
2260,1,cluster 1
2263,1,cluster 1
2275,1,cluster 1
2277,1,cluster 1
2279,1,cluster 1
2282,1,cluster 1
2290,1,cluster 1
2291,1,cluster 1
2301,3,cluster 3
2312,1,cluster 1
2313,1,cluster 1
2322,3,cluster 3
2326,4,cluster 4
2327,3,cluster 3
2352,1,cluster 1
2359,5,cluster 5
2366,1,cluster 1
2370,1,cluster 1
2376,1,cluster 1
2377,4,cluster 4
2379,1,cluster 1
2388,1,cluster 1
2392,1,cluster 1
2414,1,cluster 1
2417,1,cluster 1
2427,1,cluster 1
2431,1,cluster 1
2438,1,cluster 1
2442,1,cluster 1
2445,4,cluster 4
2450,1,cluster 1
2451,1,cluster 1
2452,1,cluster 1
2466,1,cluster 1
2469,1,cluster 1
2470,1,cluster 1
2473,1,cluster 1
2476,5,cluster 5
2498,4,cluster 4
2499,1,cluster 1
2500,1,cluster 1
2501,2,cluster 2
2503,1,cluster 1
2511,1,cluster 1
2514,1,cluster 1
2519,1,cluster 1
2522,1,cluster 1
2532,1,cluster 1
2539,1,cluster 1
2559,1,cluster 1
2566,3,cluster 3
2568,1,cluster 1
2573,1,cluster 1
2575,3,cluster 3
2581,1,cluster 1
2588,1,cluster 1
2590,1,cluster 1
2600,1,cluster 1
2603,4,cluster 4
2604,1,cluster 1
2606,1,cluster 1
2614,1,cluster 1
2622,1,cluster 1
2623,1,cluster 1
2628,1,cluster 1
2636,1,cluster 1
2638,3,cluster 3
2642,1,cluster 1
2643,1,cluster 1
2645,1,cluster 1
2649,2,cluster 2
2653,1,cluster 1
2657,1,cluster 1
2660,1,cluster 1
2662,1,cluster 1
2664,1,cluster 1
2667,1,cluster 1
2669,5,cluster 5
2671,1,cluster 1
2678,1,cluster 1
2684,4,cluster 4
2692,4,cluster 4
2695,1,cluster 1
2705,1,cluster 1
2716,4,cluster 4
2737,1,cluster 1
2744,1,cluster 1
2754,1,cluster 1
2758,1,cluster 1
2760,2,cluster 2
2761,3,cluster 3
2764,1,cluster 1
2772,1,cluster 1
2777,3,cluster 3
2780,4,cluster 4
2782,1,cluster 1
2784,1,cluster 1
2792,3,cluster 3
2795,1,cluster 1
2798,1,cluster 1
2802,4,cluster 4
2807,1,cluster 1
2820,1,cluster 1
2832,1,cluster 1
2833,1,cluster 1
2834,1,cluster 1
2837,4,cluster 4
2842,1,cluster 1
2848,1,cluster 1
2852,1,cluster 1
2856,1,cluster 1
2861,4,cluster 4
2862,1,cluster 1
2865,4,cluster 4
2870,1,cluster 1
2874,1,cluster 1
2880,1,cluster 1
2882,4,cluster 4
2883,1,cluster 1
2888,1,cluster 1
2892,1,cluster 1
2897,1,cluster 1
2898,1,cluster 1
2899,4,cluster 4
2901,1,cluster 1
2903,4,cluster 4
2905,4,cluster 4
2906,1,cluster 1
2916,1,cluster 1
2917,1,cluster 1
2920,1,cluster 1
2921,1,cluster 1
2922,2,cluster 2
2923,1,cluster 1
2925,1,cluster 1
2928,1,cluster 1
2937,1,cluster 1
2977,1,cluster 1
2981,1,cluster 1
2982,1,cluster 1
2986,3,cluster 3
2988,3,cluster 3
2989,1,cluster 1
2994,4,cluster 4
3003,1,cluster 1
3004,1,cluster 1
3008,1,cluster 1
3023,1,cluster 1
3027,2,cluster 2
3028,1,cluster 1
3038,1,cluster 1
3046,1,cluster 1
3050,1,cluster 1
3054,1,cluster 1
3064,3,cluster 3
3065,1,cluster 1
3066,1,cluster 1
3070,4,cluster 4
3076,1,cluster 1
3087,1,cluster 1
3092,1,cluster 1
3096,1,cluster 1
3116,2,cluster 2
3117,4,cluster 4
3122,1,cluster 1
3126,1,cluster 1
3127,1,cluster 1
3128,1,cluster 1
3139,1,cluster 1
3144,4,cluster 4
3145,1,cluster 1
3148,1,cluster 1
3149,1,cluster 1
3152,1,cluster 1
3155,1,cluster 1
3158,1,cluster 1
3165,1,cluster 1
3167,1,cluster 1
3168,1,cluster 1
3170,1,cluster 1
3172,1,cluster 1
3176,1,cluster 1
3177,1,cluster 1
3181,1,cluster 1
3182,2,cluster 2
3193,1,cluster 1
3196,2,cluster 2
3200,1,cluster 1
3202,1,cluster 1
3203,1,cluster 1
3210,1,cluster 1
3213,1,cluster 1
3214,1,cluster 1
3218,1,cluster 1
3230,1,cluster 1
3243,1,cluster 1
3269,1,cluster 1
3278,1,cluster 1
3289,1,cluster 1
3293,1,cluster 1
3311,1,cluster 1
3315,1,cluster 1
3325,4,cluster 4
3331,1,cluster 1
3351,1,cluster 1
3353,1,cluster 1
3355,1,cluster 1
3363,1,cluster 1
3386,1,cluster 1
3391,1,cluster 1
3394,1,cluster 1
3395,1,cluster 1
3398,1,cluster 1
3420,4,cluster 4
3424,1,cluster 1
3431,1,cluster 1
3433,1,cluster 1
3446,1,cluster 1
3447,1,cluster 1
3451,4,cluster 4
3452,1,cluster 1
3455,1,cluster 1
3457,1,cluster 1
3458,1,cluster 1
3463,1,cluster 1
3468,1,cluster 1
3472,1,cluster 1
3497,3,cluster 3
3513,1,cluster 1
3529,2,cluster 2
3530,1,cluster 1
3541,3,cluster 3
3545,1,cluster 1
3552,1,cluster 1
3555,1,cluster 1
3566,3,cluster 3
3568,1,cluster 1
3570,1,cluster 1
3571,2,cluster 2
3579,1,cluster 1
3583,1,cluster 1
3586,1,cluster 1
3587,1,cluster 1
3594,4,cluster 4
3597,4,cluster 4
3605,4,cluster 4
3606,4,cluster 4
3613,4,cluster 4
3617,3,cluster 3
3622,4,cluster 4
3633,1,cluster 1
3636,1,cluster 1
3641,1,cluster 1
3644,1,cluster 1
3647,4,cluster 4
3660,1,cluster 1
3663,1,cluster 1
3671,4,cluster 4
3676,4,cluster 4
3679,1,cluster 1
3685,3,cluster 3
3686,4,cluster 4
3690,3,cluster 3
3693,3,cluster 3
3695,1,cluster 1
3701,1,cluster 1
3702,1,cluster 1
3711,5,cluster 5
3715,4,cluster 4
3727,3,cluster 3
3728,1,cluster 1
3730,1,cluster 1
3733,4,cluster 4
3740,3,cluster 3
3741,1,cluster 1
3745,1,cluster 1
3756,1,cluster 1
3759,3,cluster 3
3760,1,cluster 1
3763,4,cluster 4
3780,1,cluster 1
3781,5,cluster 5
3789,1,cluster 1
3798,1,cluster 1
3817,4,cluster 4
3818,1,cluster 1
3819,4,cluster 4
3820,4,cluster 4
3830,2,cluster 2
3838,4,cluster 4
3839,2,cluster 2
3843,1,cluster 1
3844,1,cluster 1
3845,1,cluster 1
3848,4,cluster 4
3855,1,cluster 1
3865,1,cluster 1
3870,4,cluster 4
3877,2,cluster 2
3881,1,cluster 1
3887,1,cluster 1
3892,4,cluster 4
3893,4,cluster 4
3902,1,cluster 1
3940,1,cluster 1
3945,2,cluster 2
3947,3,cluster 3
3949,4,cluster 4
3953,4,cluster 4
3961,1,cluster 1
3967,4,cluster 4
3968,2,cluster 2
3973,1,cluster 1
3978,1,cluster 1
3990,1,cluster 1
3997,1,cluster 1
4005,1,cluster 1
4006,4,cluster 4
4020,1,cluster 1
4024,1,cluster 1
4025,1,cluster 1
4028,1,cluster 1
4030,1,cluster 1
4035,1,cluster 1
4042,1,cluster 1
4044,4,cluster 4
4045,1,cluster 1
4047,4,cluster 4
4051,1,cluster 1
4053,4,cluster 4
4063,3,cluster 3
4066,1,cluster 1
4069,2,cluster 2
4070,4,cluster 4
4073,1,cluster 1
4075,4,cluster 4
4079,4,cluster 4
4082,1,cluster 1
4083,1,cluster 1
4084,2,cluster 2
4086,1,cluster 1
4098,1,cluster 1
4109,1,cluster 1
4118,1,cluster 1
4134,4,cluster 4
4135,1,cluster 1
4140,1,cluster 1
4149,4,cluster 4
4151,1,cluster 1
4158,4,cluster 4
4163,4,cluster 4
4166,5,cluster 5
4173,1,cluster 1
4176,1,cluster 1
4187,1,cluster 1
4188,1,cluster 1
4193,3,cluster 3
4207,1,cluster 1
4219,2,cluster 2
4231,2,cluster 2
4232,1,cluster 1
4235,1,cluster 1
4238,4,cluster 4
4242,4,cluster 4
4243,1,cluster 1
4245,5,cluster 5
4254,1,cluster 1
4257,4,cluster 4
4258,4,cluster 4
4268,1,cluster 1
4278,1,cluster 1
4279,1,cluster 1
4280,1,cluster 1
4285,2,cluster 2
4290,1,cluster 1
4294,3,cluster 3
4300,1,cluster 1
4305,3,cluster 3
4307,4,cluster 4
4323,1,cluster 1
4338,1,cluster 1
4339,1,cluster 1
4348,1,cluster 1
4351,1,cluster 1
4354,1,cluster 1
4355,1,cluster 1
4361,1,cluster 1
4365,2,cluster 2
4368,4,cluster 4
4376,3,cluster 3
4378,1,cluster 1
4383,3,cluster 3
4384,4,cluster 4
4391,1,cluster 1
4407,4,cluster 4
4411,4,cluster 4
4416,3,cluster 3
4421,3,cluster 3
4423,4,cluster 4
4434,4,cluster 4
4437,4,cluster 4
4440,4,cluster 4
4446,1,cluster 1
4451,4,cluster 4
4453,4,cluster 4
4454,4,cluster 4
4455,4,cluster 4
4459,1,cluster 1
4460,4,cluster 4
4481,3,cluster 3
4484,1,cluster 1
4496,1,cluster 1
4497,1,cluster 1
4499,1,cluster 1
4500,1,cluster 1
4503,1,cluster 1
4513,2,cluster 2
4517,2,cluster 2
4518,4,cluster 4
4547,4,cluster 4
4549,1,cluster 1
4552,2,cluster 2
4559,1,cluster 1
4570,5,cluster 5
4572,1,cluster 1
4581,3,cluster 3
4586,3,cluster 3
4587,1,cluster 1
4593,4,cluster 4
4597,4,cluster 4
4600,2,cluster 2
4603,1,cluster 1
4608,1,cluster 1
4620,4,cluster 4
4622,4,cluster 4
4636,1,cluster 1
4637,4,cluster 4
4639,1,cluster 1
4648,3,cluster 3
4664,4,cluster 4
4667,2,cluster 2
4669,3,cluster 3
4670,3,cluster 3
4675,1,cluster 1
4683,1,cluster 1
4691,4,cluster 4
4694,2,cluster 2
4696,5,cluster 5
4703,4,cluster 4
4709,1,cluster 1
4711,4,cluster 4
4715,4,cluster 4
4724,4,cluster 4
4725,1,cluster 1
4726,1,cluster 1
4730,5,cluster 5
4740,1,cluster 1
4745,3,cluster 3
4749,3,cluster 3
4754,1,cluster 1
4757,1,cluster 1
4769,4,cluster 4
4770,1,cluster 1
4776,3,cluster 3
4781,3,cluster 3
4790,1,cluster 1
4794,3,cluster 3
4801,1,cluster 1
4804,2,cluster 2
4805,3,cluster 3
4806,4,cluster 4
4807,1,cluster 1
4810,1,cluster 1
4812,4,cluster 4
4833,1,cluster 1
4836,1,cluster 1
4848,1,cluster 1
4857,3,cluster 3
4861,1,cluster 1
4865,1,cluster 1
4869,3,cluster 3
4873,3,cluster 3
4875,4,cluster 4
4876,4,cluster 4
4880,1,cluster 1
4882,1,cluster 1
4895,4,cluster 4
4897,1,cluster 1
4900,1,cluster 1
4905,4,cluster 4
4917,4,cluster 4
4919,4,cluster 4
4922,4,cluster 4
4924,4,cluster 4
4934,4,cluster 4
4941,1,cluster 1
4942,4,cluster 4
4949,2,cluster 2
4970,1,cluster 1
4976,4,cluster 4
4978,1,cluster 1
4984,2,cluster 2
4993,4,cluster 4
4994,4,cluster 4
5006,4,cluster 4
5008,4,cluster 4
5009,4,cluster 4
5011,1,cluster 1
5013,3,cluster 3
5025,3,cluster 3
5029,3,cluster 3
5031,1,cluster 1
5036,4,cluster 4
5044,4,cluster 4
5050,1,cluster 1
5053,1,cluster 1
5055,4,cluster 4
5056,4,cluster 4
5057,4,cluster 4
5058,4,cluster 4
5060,1,cluster 1
5066,1,cluster 1
5076,5,cluster 5
5080,1,cluster 1
5081,1,cluster 1
5090,1,cluster 1
5091,4,cluster 4
5092,1,cluster 1
5093,1,cluster 1
5104,1,cluster 1
5105,1,cluster 1
5107,4,cluster 4
5110,4,cluster 4
5130,4,cluster 4
5134,4,cluster 4
5137,4,cluster 4
5146,4,cluster 4
5169,4,cluster 4
5170,1,cluster 1
5175,4,cluster 4
5179,1,cluster 1
5185,4,cluster 4
5189,1,cluster 1
5198,3,cluster 3
5204,4,cluster 4
5215,4,cluster 4
5233,1,cluster 1
5234,1,cluster 1
5240,1,cluster 1
5242,1,cluster 1
5246,4,cluster 4
5256,4,cluster 4
5261,1,cluster 1
5264,4,cluster 4
5268,4,cluster 4
5275,1,cluster 1
5284,3,cluster 3
5290,3,cluster 3
5296,4,cluster 4
5310,4,cluster 4
5319,4,cluster 4
5320,2,cluster 2
5321,1,cluster 1
5328,4,cluster 4
5330,4,cluster 4
5331,4,cluster 4
5332,4,cluster 4
5339,4,cluster 4
5340,4,cluster 4
5345,3,cluster 3
5351,3,cluster 3
5356,3,cluster 3
5358,4,cluster 4
5360,1,cluster 1
5363,4,cluster 4
5364,1,cluster 1
5365,3,cluster 3
5373,1,cluster 1
5377,2,cluster 2
5378,3,cluster 3
5393,1,cluster 1
5399,3,cluster 3
5407,1,cluster 1
5426,1,cluster 1
5431,1,cluster 1
5440,1,cluster 1
5453,1,cluster 1
5455,1,cluster 1
5457,4,cluster 4
5460,4,cluster 4
5467,1,cluster 1
5470,2,cluster 2
5472,2,cluster 2
5485,4,cluster 4
5492,4,cluster 4
5498,1,cluster 1
5501,4,cluster 4
5502,4,cluster 4
5503,3,cluster 3
5510,1,cluster 1
5512,1,cluster 1
5518,4,cluster 4
5530,4,cluster 4
5533,4,cluster 4
5540,4,cluster 4
5542,1,cluster 1
5543,3,cluster 3
5544,4,cluster 4
5550,4,cluster 4
5553,1,cluster 1
5556,1,cluster 1
5557,1,cluster 1
5558,4,cluster 4
5561,4,cluster 4
5562,4,cluster 4
5578,4,cluster 4
5580,1,cluster 1
5593,1,cluster 1
5596,4,cluster 4
5601,4,cluster 4
5615,4,cluster 4
5622,4,cluster 4
5625,1,cluster 1
5630,4,cluster 4
5631,4,cluster 4
5635,5,cluster 5
5636,1,cluster 1
5641,2,cluster 2
5642,4,cluster 4
5647,5,cluster 5
5664,1,cluster 1
5665,4,cluster 4
5667,4,cluster 4
5676,1,cluster 1
5679,4,cluster 4
5696,1,cluster 1
5702,4,cluster 4
5703,1,cluster 1
5704,1,cluster 1
5706,1,cluster 1
5709,3,cluster 3
5722,4,cluster 4
5730,1,cluster 1
5731,3,cluster 3
5754,2,cluster 2
5764,4,cluster 4
5765,4,cluster 4
5785,1,cluster 1
5799,4,cluster 4
5802,3,cluster 3
5806,1,cluster 1
5817,3,cluster 3
5831,1,cluster 1
5832,4,cluster 4
5852,4,cluster 4
5858,1,cluster 1
5860,4,cluster 4
5864,2,cluster 2
5868,1,cluster 1
5869,4,cluster 4
5871,1,cluster 1
5878,1,cluster 1
5888,4,cluster 4
5901,4,cluster 4
5903,4,cluster 4
5908,1,cluster 1
5920,1,cluster 1
5927,1,cluster 1
5936,1,cluster 1
5942,4,cluster 4
5943,4,cluster 4
5944,4,cluster 4
5948,2,cluster 2
5949,1,cluster 1
5950,1,cluster 1
5951,3,cluster 3
5956,1,cluster 1
5965,1,cluster 1
5984,4,cluster 4
5985,1,cluster 1
5986,4,cluster 4
5989,4,cluster 4
5994,1,cluster 1
5995,4,cluster 4
6000,1,cluster 1
6001,4,cluster 4
6002,3,cluster 3
6012,1,cluster 1
6021,4,cluster 4
6022,4,cluster 4
6024,4,cluster 4
6028,3,cluster 3
6032,1,cluster 1
6040,1,cluster 1
6042,4,cluster 4
6043,1,cluster 1
6056,1,cluster 1
6059,1,cluster 1
6063,2,cluster 2
6067,3,cluster 3
6069,4,cluster 4
6070,4,cluster 4
6072,4,cluster 4
6073,4,cluster 4
6074,5,cluster 5
6079,4,cluster 4
6080,4,cluster 4
6081,1,cluster 1
6083,3,cluster 3
6086,4,cluster 4
6089,3,cluster 3
6097,1,cluster 1
6114,4,cluster 4
6115,4,cluster 4
6117,4,cluster 4
6120,4,cluster 4
6124,1,cluster 1
6126,1,cluster 1
6144,4,cluster 4
6153,1,cluster 1
6159,4,cluster 4
6160,4,cluster 4
6162,1,cluster 1
6170,1,cluster 1
6177,4,cluster 4
6180,4,cluster 4
6189,1,cluster 1
6197,4,cluster 4
6220,4,cluster 4
6229,1,cluster 1
6235,1,cluster 1
6237,4,cluster 4
6239,4,cluster 4
6240,1,cluster 1
6245,4,cluster 4
6246,2,cluster 2
6248,4,cluster 4
6250,4,cluster 4
6251,1,cluster 1
6252,1,cluster 1
6254,2,cluster 2
6258,4,cluster 4
6267,4,cluster 4
6270,4,cluster 4
6292,4,cluster 4
6294,1,cluster 1
6299,1,cluster 1
6305,2,cluster 2
6314,4,cluster 4
6327,4,cluster 4
6330,1,cluster 1
6333,1,cluster 1
6335,2,cluster 2
6340,1,cluster 1
6344,1,cluster 1
6348,1,cluster 1
6350,3,cluster 3
6355,2,cluster 2
6358,4,cluster 4
6365,1,cluster 1
6370,1,cluster 1
6394,4,cluster 4
6395,4,cluster 4
6396,4,cluster 4
6409,4,cluster 4
6414,4,cluster 4
6415,4,cluster 4
6428,1,cluster 1
6432,1,cluster 1
6434,1,cluster 1
6441,2,cluster 2
6453,2,cluster 2
6454,4,cluster 4
6460,1,cluster 1
6461,4,cluster 4
6462,1,cluster 1
6465,4,cluster 4
6468,4,cluster 4
6470,1,cluster 1
6471,1,cluster 1
6483,4,cluster 4
6497,1,cluster 1
6506,4,cluster 4
6521,1,cluster 1
6523,3,cluster 3
6536,1,cluster 1
6537,4,cluster 4
6538,3,cluster 3
6540,4,cluster 4
6541,1,cluster 1
6558,4,cluster 4
6562,4,cluster 4
6565,4,cluster 4
6566,1,cluster 1
6569,3,cluster 3
6573,4,cluster 4
6587,3,cluster 3
6588,1,cluster 1
6590,1,cluster 1
6600,4,cluster 4
6602,3,cluster 3
6609,1,cluster 1
6618,1,cluster 1
6620,1,cluster 1
6621,1,cluster 1
6622,1,cluster 1
6631,2,cluster 2
6632,4,cluster 4
6647,3,cluster 3
6654,1,cluster 1
6668,4,cluster 4
6674,1,cluster 1
6680,1,cluster 1
6695,4,cluster 4
6701,4,cluster 4
6709,4,cluster 4
6712,1,cluster 1
6716,3,cluster 3
6731,1,cluster 1
6738,4,cluster 4
6744,1,cluster 1
6745,3,cluster 3
6748,4,cluster 4
6750,4,cluster 4
6751,2,cluster 2
6752,4,cluster 4
6759,1,cluster 1
6760,1,cluster 1
6762,4,cluster 4
6764,3,cluster 3
6778,1,cluster 1
6781,3,cluster 3
6787,1,cluster 1
6791,1,cluster 1
6795,4,cluster 4
6797,4,cluster 4
6798,4,cluster 4
6802,4,cluster 4
6804,4,cluster 4
6805,1,cluster 1
6806,1,cluster 1
6809,1,cluster 1
6811,1,cluster 1
6832,4,cluster 4
6834,3,cluster 3
6847,4,cluster 4
6848,1,cluster 1
6856,4,cluster 4
6871,4,cluster 4
6875,1,cluster 1
6889,2,cluster 2
6894,4,cluster 4
6899,3,cluster 3
6904,4,cluster 4
6913,1,cluster 1
6917,1,cluster 1
6920,1,cluster 1
6922,1,cluster 1
6923,2,cluster 2
6924,4,cluster 4
6937,1,cluster 1
6939,4,cluster 4
6940,2,cluster 2
6945,4,cluster 4
6948,2,cluster 2
6950,2,cluster 2
6951,1,cluster 1
6952,1,cluster 1
6953,4,cluster 4
6954,3,cluster 3
6955,1,cluster 1
6967,1,cluster 1
6970,1,cluster 1
6981,4,cluster 4
6985,4,cluster 4
6989,1,cluster 1
6992,1,cluster 1
7005,1,cluster 1
7010,1,cluster 1
7013,1,cluster 1
7016,4,cluster 4
7017,1,cluster 1
7019,1,cluster 1
7032,3,cluster 3
7036,1,cluster 1
7041,4,cluster 4
7044,1,cluster 1
7046,4,cluster 4
7053,4,cluster 4
7061,1,cluster 1
7063,1,cluster 1
7064,1,cluster 1
7067,4,cluster 4
7068,4,cluster 4
7074,1,cluster 1
7077,3,cluster 3
7079,1,cluster 1
7083,1,cluster 1
7091,1,cluster 1
7093,1,cluster 1
7094,1,cluster 1
7104,3,cluster 3
7110,1,cluster 1
7124,1,cluster 1
7126,4,cluster 4
7127,1,cluster 1
7130,1,cluster 1
7131,4,cluster 4
7132,1,cluster 1
7135,1,cluster 1
7138,1,cluster 1
7141,1,cluster 1
7145,1,cluster 1
7146,1,cluster 1
7148,1,cluster 1
7150,1,cluster 1
7158,1,cluster 1
7161,1,cluster 1
7172,1,cluster 1
7175,1,cluster 1
7191,1,cluster 1
7199,3,cluster 3
7210,1,cluster 1
7219,1,cluster 1
7250,1,cluster 1
7251,1,cluster 1
7257,1,cluster 1
7263,4,cluster 4
7269,1,cluster 1
7276,1,cluster 1
7280,1,cluster 1
7289,1,cluster 1
7299,4,cluster 4
7302,1,cluster 1
7303,1,cluster 1
7307,1,cluster 1
7314,1,cluster 1
7329,1,cluster 1
7330,4,cluster 4
7331,1,cluster 1
7334,1,cluster 1
7336,1,cluster 1
7342,4,cluster 4
7345,1,cluster 1
7346,1,cluster 1
7359,1,cluster 1
7362,4,cluster 4
7365,4,cluster 4
7368,4,cluster 4
7372,1,cluster 1
7379,1,cluster 1
7384,1,cluster 1
7385,1,cluster 1
7386,1,cluster 1
7399,1,cluster 1
7401,1,cluster 1
7405,1,cluster 1
7406,1,cluster 1
7407,1,cluster 1
7414,1,cluster 1
7418,1,cluster 1
7422,4,cluster 4
7428,1,cluster 1
7433,1,cluster 1
7435,1,cluster 1
7436,1,cluster 1
7448,1,cluster 1
7454,1,cluster 1
7458,1,cluster 1
7460,1,cluster 1
7462,1,cluster 1
7470,1,cluster 1
7478,1,cluster 1
7479,4,cluster 4
7484,1,cluster 1
7494,1,cluster 1
7499,1,cluster 1
7513,4,cluster 4
7516,1,cluster 1
7517,1,cluster 1
7518,1,cluster 1
7520,1,cluster 1
7529,4,cluster 4
7531,1,cluster 1
7536,4,cluster 4
7538,1,cluster 1
7554,1,cluster 1
7559,4,cluster 4
7560,1,cluster 1
7572,1,cluster 1
7576,1,cluster 1
7587,1,cluster 1
7604,4,cluster 4
7607,1,cluster 1
7620,4,cluster 4
7621,1,cluster 1
7626,1,cluster 1
7643,1,cluster 1
7644,1,cluster 1
7650,1,cluster 1
7658,4,cluster 4
7660,4,cluster 4
7665,4,cluster 4
7675,1,cluster 1
7683,1,cluster 1
7699,1,cluster 1
7700,4,cluster 4
7705,1,cluster 1
7710,3,cluster 3
7715,3,cluster 3
7726,1,cluster 1
7729,1,cluster 1
7747,1,cluster 1
7756,1,cluster 1
7758,4,cluster 4
7773,1,cluster 1
7782,1,cluster 1
7789,1,cluster 1
7792,4,cluster 4
7806,4,cluster 4
7814,1,cluster 1
7816,4,cluster 4
7823,1,cluster 1
7825,1,cluster 1
7830,3,cluster 3
7840,1,cluster 1
7843,1,cluster 1
7849,1,cluster 1
7855,3,cluster 3
7874,1,cluster 1
7881,3,cluster 3
7884,3,cluster 3
7897,4,cluster 4
7903,1,cluster 1
7905,1,cluster 1
7910,4,cluster 4
7914,1,cluster 1
7944,1,cluster 1
7955,1,cluster 1
7957,1,cluster 1
7964,3,cluster 3
7969,1,cluster 1
7973,1,cluster 1
7977,4,cluster 4
7991,1,cluster 1
7996,1,cluster 1
8011,1,cluster 1
8022,1,cluster 1
8061,1,cluster 1
8062,1,cluster 1
8065,3,cluster 3
8066,3,cluster 3
8069,1,cluster 1
8071,2,cluster 2
8074,1,cluster 1
8087,1,cluster 1
8092,1,cluster 1
8099,3,cluster 3
8108,4,cluster 4
8115,4,cluster 4
8116,1,cluster 1
8118,1,cluster 1
8119,3,cluster 3
8137,1,cluster 1
8142,1,cluster 1
8145,1,cluster 1
8152,1,cluster 1
8154,1,cluster 1
8165,3,cluster 3
8171,1,cluster 1
8178,1,cluster 1
8179,1,cluster 1
8181,4,cluster 4
8198,1,cluster 1
8207,1,cluster 1
8217,1,cluster 1
8220,1,cluster 1
8226,4,cluster 4
8245,1,cluster 1
8247,1,cluster 1
8248,1,cluster 1
8251,1,cluster 1
8255,1,cluster 1
8257,1,cluster 1
8266,1,cluster 1
8270,1,cluster 1
8275,1,cluster 1
8284,4,cluster 4
8287,1,cluster 1
8294,1,cluster 1
8299,1,cluster 1
8305,4,cluster 4
8307,1,cluster 1
8322,4,cluster 4
8325,1,cluster 1
8326,1,cluster 1
8331,1,cluster 1
8333,1,cluster 1
8335,1,cluster 1
8336,1,cluster 1
8338,1,cluster 1
8341,1,cluster 1
8360,1,cluster 1
8371,4,cluster 4
8373,1,cluster 1
8377,1,cluster 1
8380,1,cluster 1
8381,1,cluster 1
8387,1,cluster 1
8388,1,cluster 1
8391,1,cluster 1
8392,1,cluster 1
8407,1,cluster 1
8410,1,cluster 1
8417,4,cluster 4
8427,1,cluster 1
8428,1,cluster 1
8429,4,cluster 4
8434,1,cluster 1
8442,3,cluster 3
8450,4,cluster 4
8455,4,cluster 4
8456,1,cluster 1
8459,1,cluster 1
8461,4,cluster 4
8464,1,cluster 1
8477,1,cluster 1
8478,1,cluster 1
8485,1,cluster 1
8488,1,cluster 1
8504,1,cluster 1
8519,1,cluster 1
8520,4,cluster 4
8523,1,cluster 1
8536,3,cluster 3
8539,1,cluster 1
8540,1,cluster 1
8543,1,cluster 1
8548,1,cluster 1
8552,1,cluster 1
8557,4,cluster 4
8562,4,cluster 4
8563,4,cluster 4
8564,1,cluster 1
8567,1,cluster 1
8568,1,cluster 1
8577,3,cluster 3
8584,1,cluster 1
8586,1,cluster 1
8588,1,cluster 1
8606,1,cluster 1
8607,1,cluster 1
8614,1,cluster 1
8622,1,cluster 1
8623,4,cluster 4
8636,3,cluster 3
8639,1,cluster 1
8647,1,cluster 1
8657,1,cluster 1
8660,4,cluster 4
8662,4,cluster 4
8668,4,cluster 4
8673,2,cluster 2
8677,4,cluster 4
8678,1,cluster 1
8680,1,cluster 1
8685,4,cluster 4
8688,1,cluster 1
8689,1,cluster 1
8693,4,cluster 4
8694,1,cluster 1
8701,1,cluster 1
8717,1,cluster 1
8719,1,cluster 1
8720,2,cluster 2
8733,4,cluster 4
8735,1,cluster 1
8738,4,cluster 4
8746,1,cluster 1
8754,1,cluster 1
8756,3,cluster 3
8759,1,cluster 1
8778,1,cluster 1
8784,1,cluster 1
8789,1,cluster 1
8796,4,cluster 4
8799,4,cluster 4
8803,1,cluster 1
8812,1,cluster 1
8813,4,cluster 4
8814,4,cluster 4
8819,5,cluster 5
8833,2,cluster 2
8836,1,cluster 1
8840,2,cluster 2
8841,1,cluster 1
8844,1,cluster 1
8847,1,cluster 1
8851,4,cluster 4
8862,1,cluster 1
8863,1,cluster 1
8876,1,cluster 1
8888,1,cluster 1
8893,1,cluster 1
8909,1,cluster 1
8911,4,cluster 4
8912,1,cluster 1
8947,1,cluster 1
8953,1,cluster 1
8966,5,cluster 5
8968,1,cluster 1
8972,4,cluster 4
8982,1,cluster 1
8987,1,cluster 1
8994,1,cluster 1
8997,1,cluster 1
9001,2,cluster 2
9011,1,cluster 1
9016,1,cluster 1
9023,4,cluster 4
9027,1,cluster 1
9030,2,cluster 2
9042,4,cluster 4
9052,4,cluster 4
9054,1,cluster 1
9057,4,cluster 4
9066,1,cluster 1
9067,1,cluster 1
9070,1,cluster 1
9076,1,cluster 1
9078,1,cluster 1
9083,1,cluster 1
9089,1,cluster 1
9090,1,cluster 1
9093,4,cluster 4
9097,4,cluster 4
9098,4,cluster 4
9105,1,cluster 1
9110,1,cluster 1
9112,2,cluster 2
9118,1,cluster 1
9122,4,cluster 4
9123,4,cluster 4
9125,5,cluster 5
9126,1,cluster 1
9127,1,cluster 1
9128,4,cluster 4
9137,4,cluster 4
9139,1,cluster 1
9146,1,cluster 1
9154,2,cluster 2
9157,2,cluster 2
9158,1,cluster 1
9164,1,cluster 1
9190,4,cluster 4
9191,4,cluster 4
9206,4,cluster 4
9207,1,cluster 1
9208,1,cluster 1
9209,1,cluster 1
9219,1,cluster 1
9221,1,cluster 1
9225,2,cluster 2
9230,1,cluster 1
9232,4,cluster 4
9256,5,cluster 5
9258,1,cluster 1
9260,5,cluster 5
9261,1,cluster 1
9264,1,cluster 1
9266,4,cluster 4
9269,4,cluster 4
9270,4,cluster 4
9271,4,cluster 4
9285,4,cluster 4
9293,1,cluster 1
9295,1,cluster 1
9297,1,cluster 1
9311,1,cluster 1
9320,2,cluster 2
9326,1,cluster 1
9328,2,cluster 2
9333,1,cluster 1
9339,4,cluster 4
9342,1,cluster 1
9349,1,cluster 1
9362,4,cluster 4
9369,4,cluster 4
9374,1,cluster 1
9378,4,cluster 4
9380,4,cluster 4
9382,1,cluster 1
9383,4,cluster 4
9392,4,cluster 4
9397,1,cluster 1
9398,2,cluster 2
9400,4,cluster 4
9406,1,cluster 1
9412,1,cluster 1
9419,1,cluster 1
9420,1,cluster 1
9423,1,cluster 1
9424,2,cluster 2
9427,4,cluster 4
9435,4,cluster 4
9449,4,cluster 4
9458,1,cluster 1
9465,1,cluster 1
9470,2,cluster 2
9471,2,cluster 2
9476,1,cluster 1
9484,1,cluster 1
9487,4,cluster 4
9491,4,cluster 4
9492,4,cluster 4
9499,3,cluster 3
9501,4,cluster 4
9502,3,cluster 3
9511,4,cluster 4
9516,2,cluster 2
9521,5,cluster 5
9526,1,cluster 1
9527,3,cluster 3
9556,3,cluster 3
9564,1,cluster 1
9580,1,cluster 1
9584,4,cluster 4
9586,2,cluster 2
9587,3,cluster 3
9588,4,cluster 4
9592,4,cluster 4
9593,1,cluster 1
9600,1,cluster 1
9602,1,cluster 1
9604,3,cluster 3
9606,4,cluster 4
9608,4,cluster 4
9611,1,cluster 1
9622,4,cluster 4
9624,3,cluster 3
9625,3,cluster 3
9634,2,cluster 2
9643,4,cluster 4
9647,4,cluster 4
9655,3,cluster 3
9656,4,cluster 4
9667,2,cluster 2
9675,2,cluster 2
9679,3,cluster 3
9682,3,cluster 3
9699,3,cluster 3
9703,3,cluster 3
9706,3,cluster 3
9715,4,cluster 4
9718,4,cluster 4
9727,1,cluster 1
9728,4,cluster 4
9729,4,cluster 4
9730,4,cluster 4
9735,1,cluster 1
9740,4,cluster 4
9748,4,cluster 4
9750,1,cluster 1
9751,4,cluster 4
9756,1,cluster 1
9757,1,cluster 1
9760,1,cluster 1
9762,1,cluster 1
9767,2,cluster 2
9778,1,cluster 1
9784,4,cluster 4
9802,3,cluster 3
9807,4,cluster 4
9808,1,cluster 1
9814,1,cluster 1
9819,1,cluster 1
9825,4,cluster 4
9836,1,cluster 1
9847,1,cluster 1
9853,2,cluster 2
9855,1,cluster 1
9856,1,cluster 1
9863,4,cluster 4
9868,4,cluster 4
9879,3,cluster 3
9886,1,cluster 1
9902,1,cluster 1
9903,1,cluster 1
9904,1,cluster 1
9918,4,cluster 4
9927,4,cluster 4
9941,4,cluster 4
9946,1,cluster 1
9948,4,cluster 4
9949,1,cluster 1
9953,2,cluster 2
9966,4,cluster 4
9968,4,cluster 4
9974,3,cluster 3
9975,3,cluster 3
9977,4,cluster 4
9983,1,cluster 1
9985,1,cluster 1
10000,2,cluster 2
10008,4,cluster 4
10013,4,cluster 4
10015,2,cluster 2
10022,2,cluster 2
10023,4,cluster 4
10030,1,cluster 1
10041,1,cluster 1
10072,3,cluster 3
10086,1,cluster 1
10087,3,cluster 3
10093,1,cluster 1
10094,1,cluster 1
10098,2,cluster 2
10107,1,cluster 1
10108,2,cluster 2
10113,1,cluster 1
10114,1,cluster 1
10126,1,cluster 1
10127,1,cluster 1
10129,1,cluster 1
10133,1,cluster 1
10137,4,cluster 4
10146,1,cluster 1
10153,1,cluster 1
10155,4,cluster 4
10159,4,cluster 4
10163,1,cluster 1
10165,4,cluster 4
10168,1,cluster 1
10172,4,cluster 4
10174,1,cluster 1
10176,1,cluster 1
10184,1,cluster 1
10188,1,cluster 1
10189,1,cluster 1
10197,4,cluster 4
10222,4,cluster 4
10223,4,cluster 4
10232,1,cluster 1
10234,1,cluster 1
10242,1,cluster 1
10248,1,cluster 1
10252,4,cluster 4
10256,4,cluster 4
10260,1,cluster 1
10261,4,cluster 4
10263,1,cluster 1
10271,4,cluster 4
10275,1,cluster 1
10278,4,cluster 4
10283,4,cluster 4
10293,4,cluster 4
10310,1,cluster 1
10318,1,cluster 1
10320,1,cluster 1
10328,1,cluster 1
10329,4,cluster 4
10330,1,cluster 1
10341,1,cluster 1
10342,1,cluster 1
10346,2,cluster 2
10352,1,cluster 1
10355,3,cluster 3
10357,1,cluster 1
10360,1,cluster 1
10363,4,cluster 4
10365,1,cluster 1
10367,4,cluster 4
10375,1,cluster 1
10382,1,cluster 1
10386,1,cluster 1
10390,2,cluster 2
10392,1,cluster 1
10396,3,cluster 3
10401,1,cluster 1
10408,4,cluster 4
10410,1,cluster 1
10419,4,cluster 4
10421,4,cluster 4
10425,1,cluster 1
10426,1,cluster 1
10427,1,cluster 1
10431,1,cluster 1
10433,1,cluster 1
10438,3,cluster 3
10443,1,cluster 1
10447,1,cluster 1
10450,1,cluster 1
10451,1,cluster 1
10476,4,cluster 4
10481,4,cluster 4
10483,1,cluster 1
10495,1,cluster 1
10505,1,cluster 1
10509,1,cluster 1
10510,1,cluster 1
10512,2,cluster 2
10514,4,cluster 4
10518,1,cluster 1
10519,1,cluster 1
10528,1,cluster 1
10537,4,cluster 4
10538,3,cluster 3
10540,1,cluster 1
10543,4,cluster 4
10544,1,cluster 1
10549,2,cluster 2
10551,4,cluster 4
10554,1,cluster 1
10557,1,cluster 1
10558,2,cluster 2
10564,1,cluster 1
10570,1,cluster 1
10572,1,cluster 1
10587,1,cluster 1
10590,1,cluster 1
10591,4,cluster 4
10594,1,cluster 1
10599,1,cluster 1
10605,1,cluster 1
10613,4,cluster 4
10619,1,cluster 1
10628,1,cluster 1
10635,2,cluster 2
10643,1,cluster 1
10657,3,cluster 3
10660,3,cluster 3
10662,1,cluster 1
10669,1,cluster 1
10673,4,cluster 4
10683,1,cluster 1
10689,2,cluster 2
10693,4,cluster 4
10697,1,cluster 1
10700,1,cluster 1
10701,1,cluster 1
10703,2,cluster 2
10706,1,cluster 1
10707,1,cluster 1
10710,2,cluster 2
10714,1,cluster 1
10725,1,cluster 1
10728,1,cluster 1
10732,1,cluster 1
10740,3,cluster 3
10743,4,cluster 4
10744,4,cluster 4
10753,1,cluster 1
10761,1,cluster 1
10765,1,cluster 1
10767,3,cluster 3
10781,5,cluster 5
10786,4,cluster 4
10802,4,cluster 4
10805,1,cluster 1
10807,1,cluster 1
10809,1,cluster 1
10814,4,cluster 4
10816,1,cluster 1
10818,4,cluster 4
10822,4,cluster 4
10827,2,cluster 2
10840,1,cluster 1
10847,1,cluster 1
10856,4,cluster 4
10862,1,cluster 1
10869,1,cluster 1
10873,4,cluster 4
10880,4,cluster 4
10885,2,cluster 2
10891,2,cluster 2
10896,2,cluster 2
10901,1,cluster 1
10904,1,cluster 1
10908,1,cluster 1
10911,1,cluster 1
10914,1,cluster 1
10918,1,cluster 1
10925,1,cluster 1
10928,1,cluster 1
10931,1,cluster 1
10945,1,cluster 1
10950,1,cluster 1
10958,4,cluster 4
10963,1,cluster 1
10965,4,cluster 4
10967,1,cluster 1
10975,1,cluster 1
10979,1,cluster 1
10981,1,cluster 1
10985,1,cluster 1
10992,1,cluster 1
10999,4,cluster 4
11002,4,cluster 4
11008,4,cluster 4
11026,1,cluster 1
11037,2,cluster 2
11038,4,cluster 4
11054,1,cluster 1
11057,4,cluster 4
11059,4,cluster 4
11061,1,cluster 1
11066,1,cluster 1
11068,3,cluster 3
11069,4,cluster 4
11071,1,cluster 1
11078,1,cluster 1
11080,1,cluster 1
11087,1,cluster 1
11090,1,cluster 1
11103,1,cluster 1
11104,4,cluster 4
11106,4,cluster 4
11108,2,cluster 2
11112,2,cluster 2
11114,1,cluster 1
11127,1,cluster 1
11140,4,cluster 4
11143,4,cluster 4
11151,1,cluster 1
11156,1,cluster 1
11157,1,cluster 1
11159,1,cluster 1
11163,4,cluster 4
11164,1,cluster 1
11174,1,cluster 1
11180,1,cluster 1
11182,1,cluster 1
11187,1,cluster 1
11190,1,cluster 1
11191,1,cluster 1
11194,1,cluster 1
11195,3,cluster 3
11197,1,cluster 1
11204,4,cluster 4
11208,1,cluster 1
11211,2,cluster 2
11221,1,cluster 1
11229,1,cluster 1
11233,3,cluster 3
11242,1,cluster 1
11246,4,cluster 4
11247,4,cluster 4
11249,2,cluster 2
11259,1,cluster 1
11260,1,cluster 1
11265,1,cluster 1
11268,4,cluster 4
11280,1,cluster 1
11284,4,cluster 4
11285,1,cluster 1
11286,2,cluster 2
11288,1,cluster 1
11291,4,cluster 4
11297,1,cluster 1
11298,1,cluster 1
11315,1,cluster 1
11322,4,cluster 4
11323,1,cluster 1
11324,4,cluster 4
11330,3,cluster 3
11334,1,cluster 1
11339,1,cluster 1
11343,4,cluster 4
11346,1,cluster 1
11347,1,cluster 1
11348,3,cluster 3
11349,2,cluster 2
11350,2,cluster 2
11353,3,cluster 3
11355,1,cluster 1
11357,1,cluster 1
11362,4,cluster 4
11365,4,cluster 4
11368,4,cluster 4
11379,1,cluster 1
11381,4,cluster 4
11387,4,cluster 4
11394,1,cluster 1
11400,2,cluster 2
11401,1,cluster 1
11408,1,cluster 1
11420,4,cluster 4
11423,1,cluster 1
11430,4,cluster 4
11433,4,cluster 4
11441,1,cluster 1
11454,1,cluster 1
11456,2,cluster 2
11461,1,cluster 1
11466,4,cluster 4
11473,1,cluster 1
11475,4,cluster 4
11476,4,cluster 4
11481,1,cluster 1
11500,4,cluster 4
11508,3,cluster 3
11509,1,cluster 1
11510,1,cluster 1
11511,1,cluster 1
11520,1,cluster 1
11524,1,cluster 1
11526,1,cluster 1
11528,4,cluster 4
11530,1,cluster 1
11555,1,cluster 1
11559,1,cluster 1
11560,1,cluster 1
11563,3,cluster 3
11565,4,cluster 4
11567,1,cluster 1
11572,1,cluster 1
11579,1,cluster 1
11585,1,cluster 1
11592,2,cluster 2
11596,1,cluster 1
11607,1,cluster 1
11609,4,cluster 4
11610,1,cluster 1
11613,1,cluster 1
11614,1,cluster 1
11615,3,cluster 3
11620,1,cluster 1
11633,1,cluster 1
11634,1,cluster 1
11640,4,cluster 4
11641,1,cluster 1
11644,1,cluster 1
11649,1,cluster 1
11650,3,cluster 3
11651,3,cluster 3
11657,1,cluster 1
11658,1,cluster 1
11662,1,cluster 1
11666,1,cluster 1
11669,1,cluster 1
11672,3,cluster 3
11675,1,cluster 1
11676,1,cluster 1
11679,1,cluster 1
11682,1,cluster 1
11695,1,cluster 1
11701,4,cluster 4
11706,4,cluster 4
11710,1,cluster 1
11724,1,cluster 1
11728,1,cluster 1
11737,4,cluster 4
11753,3,cluster 3
11761,2,cluster 2
11769,4,cluster 4
11770,3,cluster 3
11771,4,cluster 4
11777,5,cluster 5
11784,4,cluster 4
11790,4,cluster 4
11791,2,cluster 2
11796,1,cluster 1
11798,1,cluster 1
11801,1,cluster 1
11803,4,cluster 4
11808,1,cluster 1
11816,3,cluster 3
11825,1,cluster 1
11830,2,cluster 2
11834,4,cluster 4
11835,3,cluster 3
11843,2,cluster 2
11844,4,cluster 4
11845,4,cluster 4
11846,1,cluster 1
11861,5,cluster 5
11868,1,cluster 1
11878,2,cluster 2
11885,4,cluster 4
11886,4,cluster 4
11889,1,cluster 1
11894,4,cluster 4
11895,1,cluster 1
11896,3,cluster 3
11905,1,cluster 1
11911,4,cluster 4
11919,4,cluster 4
11926,1,cluster 1
11927,1,cluster 1
11936,2,cluster 2
11937,4,cluster 4
11943,1,cluster 1
11951,2,cluster 2
11954,4,cluster 4
11956,1,cluster 1
11957,4,cluster 4
11960,4,cluster 4
11967,4,cluster 4
11971,1,cluster 1
11974,4,cluster 4
11981,4,cluster 4
11988,1,cluster 1
11990,3,cluster 3
12000,1,cluster 1
12008,1,cluster 1
12014,3,cluster 3
12016,4,cluster 4
12019,3,cluster 3
12020,1,cluster 1
12027,1,cluster 1
12031,1,cluster 1
12038,1,cluster 1
12043,4,cluster 4
12047,1,cluster 1
12055,1,cluster 1
12058,1,cluster 1
12075,4,cluster 4
12076,1,cluster 1
12077,1,cluster 1
12084,1,cluster 1
12091,2,cluster 2
12095,1,cluster 1
12097,1,cluster 1
12103,4,cluster 4
12110,1,cluster 1
12114,1,cluster 1
12120,1,cluster 1
12128,1,cluster 1
12130,4,cluster 4
12135,1,cluster 1
12137,1,cluster 1
12139,1,cluster 1
12147,1,cluster 1
12149,4,cluster 4
12153,1,cluster 1
12156,4,cluster 4
12158,4,cluster 4
12159,4,cluster 4
12170,4,cluster 4
12171,1,cluster 1
12182,1,cluster 1
12183,1,cluster 1
12188,1,cluster 1
12189,1,cluster 1
12195,4,cluster 4
12198,1,cluster 1
12201,1,cluster 1
12202,3,cluster 3
12212,1,cluster 1
12215,1,cluster 1
12218,1,cluster 1
12221,1,cluster 1
12227,1,cluster 1
12230,4,cluster 4
12234,1,cluster 1
12237,1,cluster 1
12245,1,cluster 1
12264,1,cluster 1
12266,1,cluster 1
12269,1,cluster 1
12271,1,cluster 1
12276,4,cluster 4
12277,1,cluster 1
12286,4,cluster 4
12310,1,cluster 1
12323,2,cluster 2
12329,5,cluster 5
12331,2,cluster 2
12338,1,cluster 1
12339,1,cluster 1
12344,4,cluster 4
12345,1,cluster 1
12346,1,cluster 1
12356,4,cluster 4
12357,1,cluster 1
12360,1,cluster 1
12361,1,cluster 1
12363,1,cluster 1
12372,1,cluster 1
12379,1,cluster 1
12391,4,cluster 4
12393,1,cluster 1
12394,4,cluster 4
12398,1,cluster 1
12401,1,cluster 1
12409,1,cluster 1
12412,1,cluster 1
12419,1,cluster 1
12422,3,cluster 3
12432,3,cluster 3
12434,1,cluster 1
12437,1,cluster 1
12440,1,cluster 1
12443,4,cluster 4
12450,3,cluster 3
12452,2,cluster 2
12453,4,cluster 4
12467,2,cluster 2
12473,1,cluster 1
12474,4,cluster 4
12476,1,cluster 1
12480,1,cluster 1
12482,1,cluster 1
12483,1,cluster 1
12485,4,cluster 4
12489,1,cluster 1
12490,1,cluster 1
12508,3,cluster 3
12510,1,cluster 1
12511,4,cluster 4
12517,1,cluster 1
12520,1,cluster 1
12522,2,cluster 2
12523,1,cluster 1
12530,1,cluster 1
12537,1,cluster 1
12538,1,cluster 1
12541,1,cluster 1
12545,4,cluster 4
12548,1,cluster 1
12550,1,cluster 1
12557,1,cluster 1
12562,1,cluster 1
12563,1,cluster 1
12569,4,cluster 4
12570,1,cluster 1
12573,1,cluster 1
12574,4,cluster 4
12576,1,cluster 1
12596,1,cluster 1
12598,1,cluster 1
12606,1,cluster 1
12611,1,cluster 1
12613,3,cluster 3
12616,1,cluster 1
12618,4,cluster 4
12628,3,cluster 3
12635,1,cluster 1
12640,1,cluster 1
12641,1,cluster 1
12644,2,cluster 2
12647,1,cluster 1
12650,1,cluster 1
12657,1,cluster 1
12668,1,cluster 1
12675,1,cluster 1
12682,4,cluster 4
12687,1,cluster 1
12693,4,cluster 4
12703,3,cluster 3
12705,1,cluster 1
12707,1,cluster 1
12711,2,cluster 2
12719,1,cluster 1
12721,1,cluster 1
12731,1,cluster 1
12733,5,cluster 5
12735,1,cluster 1
12738,1,cluster 1
12739,4,cluster 4
12744,1,cluster 1
12746,1,cluster 1
12753,4,cluster 4
12766,1,cluster 1
12771,3,cluster 3
12778,1,cluster 1
12792,1,cluster 1
12796,1,cluster 1
12798,1,cluster 1
12800,1,cluster 1
12816,1,cluster 1
12825,1,cluster 1
12828,1,cluster 1
12829,4,cluster 4
12831,1,cluster 1
12834,3,cluster 3
12838,1,cluster 1
12844,1,cluster 1
12846,1,cluster 1
12847,1,cluster 1
12852,1,cluster 1
12855,1,cluster 1
12861,1,cluster 1
12862,1,cluster 1
12863,1,cluster 1
12865,1,cluster 1
12872,1,cluster 1
12874,1,cluster 1
12875,1,cluster 1
12883,1,cluster 1
12886,1,cluster 1
12889,3,cluster 3
12901,1,cluster 1
12915,1,cluster 1
12917,4,cluster 4
12920,1,cluster 1
12922,1,cluster 1
12925,1,cluster 1
12930,1,cluster 1
12934,4,cluster 4
12935,1,cluster 1
12945,1,cluster 1
12946,4,cluster 4
12950,1,cluster 1
12964,1,cluster 1
12968,2,cluster 2
12969,2,cluster 2
12973,2,cluster 2
12978,4,cluster 4
12981,3,cluster 3
12993,1,cluster 1
13002,1,cluster 1
13006,4,cluster 4
13017,1,cluster 1
13029,4,cluster 4
13031,1,cluster 1
13034,1,cluster 1
13038,1,cluster 1
13041,4,cluster 4
13047,1,cluster 1
13048,1,cluster 1
13056,4,cluster 4
13057,3,cluster 3
13060,1,cluster 1
13069,3,cluster 3
13072,1,cluster 1
13086,1,cluster 1
13090,4,cluster 4
13095,1,cluster 1
13099,3,cluster 3
13101,4,cluster 4
13109,1,cluster 1
13111,1,cluster 1
13118,4,cluster 4
13122,1,cluster 1
13131,1,cluster 1
13138,3,cluster 3
13143,1,cluster 1
13147,4,cluster 4
13148,3,cluster 3
13161,4,cluster 4
13165,1,cluster 1
13166,1,cluster 1
13169,2,cluster 2
13181,4,cluster 4
13182,1,cluster 1
13188,1,cluster 1
13189,1,cluster 1
13201,3,cluster 3
13205,5,cluster 5
13206,1,cluster 1
13210,1,cluster 1
13211,1,cluster 1
13218,1,cluster 1
13227,1,cluster 1
13238,4,cluster 4
13250,1,cluster 1
13253,1,cluster 1
13254,1,cluster 1
13266,1,cluster 1
13268,1,cluster 1
13270,1,cluster 1
13274,1,cluster 1
13275,1,cluster 1
13277,4,cluster 4
13281,1,cluster 1
13301,1,cluster 1
13307,1,cluster 1
13316,4,cluster 4
13323,1,cluster 1
13334,4,cluster 4
13339,1,cluster 1
13340,1,cluster 1
13366,1,cluster 1
13367,1,cluster 1
13368,1,cluster 1
13370,1,cluster 1
13374,1,cluster 1
13376,1,cluster 1
13378,1,cluster 1
13380,1,cluster 1
13391,1,cluster 1
13394,1,cluster 1
13397,1,cluster 1
13405,2,cluster 2
13409,1,cluster 1
13412,1,cluster 1
13419,1,cluster 1
13420,1,cluster 1
13427,1,cluster 1
13429,1,cluster 1
13431,1,cluster 1
13432,1,cluster 1
13441,4,cluster 4
13449,1,cluster 1
13454,3,cluster 3
13456,1,cluster 1
13468,1,cluster 1
13470,1,cluster 1
13476,1,cluster 1
13502,1,cluster 1
13504,3,cluster 3
13508,1,cluster 1
13517,1,cluster 1
13531,4,cluster 4
13535,4,cluster 4
13536,1,cluster 1
13537,1,cluster 1
13545,1,cluster 1
13550,3,cluster 3
13551,1,cluster 1
13564,1,cluster 1
13572,1,cluster 1
13580,1,cluster 1
13588,1,cluster 1
13600,1,cluster 1
13601,4,cluster 4
13605,4,cluster 4
13606,4,cluster 4
13607,3,cluster 3
13618,1,cluster 1
13634,1,cluster 1
13637,1,cluster 1
13639,1,cluster 1
13655,1,cluster 1
13659,1,cluster 1
13667,3,cluster 3
13682,1,cluster 1
13684,1,cluster 1
13694,1,cluster 1
13695,1,cluster 1
13696,1,cluster 1
13698,1,cluster 1
13699,4,cluster 4
13700,2,cluster 2
13710,3,cluster 3
13713,1,cluster 1
13718,3,cluster 3
13723,1,cluster 1
13726,1,cluster 1
13727,1,cluster 1
13730,4,cluster 4
13736,1,cluster 1
13737,1,cluster 1
13739,1,cluster 1
13745,3,cluster 3
13757,1,cluster 1
13775,1,cluster 1
13776,1,cluster 1
13793,1,cluster 1
13801,1,cluster 1
13804,1,cluster 1
13806,4,cluster 4
13807,1,cluster 1
13826,4,cluster 4
13849,1,cluster 1
13850,1,cluster 1
13852,1,cluster 1
13868,4,cluster 4
13874,1,cluster 1
13879,2,cluster 2
13888,1,cluster 1
13889,5,cluster 5
13895,3,cluster 3
13900,1,cluster 1
13903,1,cluster 1
13906,1,cluster 1
13908,1,cluster 1
13913,1,cluster 1
13921,1,cluster 1
13925,1,cluster 1
13928,4,cluster 4
13932,2,cluster 2
13935,1,cluster 1
13936,1,cluster 1
13939,1,cluster 1
13946,1,cluster 1
13962,1,cluster 1
13967,1,cluster 1
13969,1,cluster 1
13972,1,cluster 1
13975,1,cluster 1
13981,1,cluster 1
13985,1,cluster 1
13995,3,cluster 3
14000,4,cluster 4
14011,3,cluster 3
14014,1,cluster 1
14021,1,cluster 1
14027,1,cluster 1
14037,1,cluster 1
14051,1,cluster 1
14057,1,cluster 1
14060,2,cluster 2
14085,1,cluster 1
14086,1,cluster 1
14095,4,cluster 4
14096,1,cluster 1
14104,4,cluster 4
14105,2,cluster 2
14111,1,cluster 1
14122,1,cluster 1
14127,4,cluster 4
14130,4,cluster 4
14132,1,cluster 1
14135,1,cluster 1
14138,1,cluster 1
14139,1,cluster 1
14144,4,cluster 4
14146,4,cluster 4
14148,1,cluster 1
14154,1,cluster 1
14159,1,cluster 1
14177,1,cluster 1
14183,1,cluster 1
14192,4,cluster 4
14196,1,cluster 1
14197,4,cluster 4
14203,4,cluster 4
14213,1,cluster 1
14216,1,cluster 1
14219,1,cluster 1
14221,1,cluster 1
14233,4,cluster 4
14239,1,cluster 1
14240,1,cluster 1
14251,1,cluster 1
14253,4,cluster 4
14257,1,cluster 1
14260,1,cluster 1
14279,1,cluster 1
14282,1,cluster 1
14283,1,cluster 1
14297,1,cluster 1
14302,4,cluster 4
14309,1,cluster 1
14326,1,cluster 1
14329,2,cluster 2
14335,1,cluster 1
14343,1,cluster 1
14351,4,cluster 4
14353,1,cluster 1
14361,4,cluster 4
14375,1,cluster 1
14377,1,cluster 1
14381,1,cluster 1
14389,5,cluster 5
14398,1,cluster 1
14407,2,cluster 2
14409,4,cluster 4
14412,3,cluster 3
14427,1,cluster 1
14428,1,cluster 1
14442,1,cluster 1
14444,1,cluster 1
14445,3,cluster 3
14446,1,cluster 1
14459,4,cluster 4
14464,4,cluster 4
14481,4,cluster 4
14495,1,cluster 1
14496,1,cluster 1
14500,1,cluster 1
14503,3,cluster 3
14506,1,cluster 1
14515,1,cluster 1
14528,3,cluster 3
14538,2,cluster 2
14539,4,cluster 4
14543,4,cluster 4
14545,1,cluster 1
14549,2,cluster 2
14554,1,cluster 1
14555,2,cluster 2
14556,4,cluster 4
14559,4,cluster 4
14566,1,cluster 1
14568,1,cluster 1
14573,1,cluster 1
14575,1,cluster 1
14577,1,cluster 1
14586,1,cluster 1
14595,1,cluster 1
14597,2,cluster 2
14610,1,cluster 1
14612,3,cluster 3
14613,4,cluster 4
14620,2,cluster 2
14621,1,cluster 1
14633,1,cluster 1
14635,1,cluster 1
14656,4,cluster 4
14663,2,cluster 2
14666,1,cluster 1
14668,4,cluster 4
14670,4,cluster 4
14671,1,cluster 1
14674,5,cluster 5
14678,1,cluster 1
14680,4,cluster 4
14695,4,cluster 4
14700,3,cluster 3
14706,1,cluster 1
14711,1,cluster 1
14713,1,cluster 1
14716,3,cluster 3
14719,4,cluster 4
14723,1,cluster 1
14727,1,cluster 1
14728,4,cluster 4
14734,4,cluster 4
14737,4,cluster 4
14741,1,cluster 1
14761,1,cluster 1
14768,2,cluster 2
14770,2,cluster 2
14778,1,cluster 1
14780,1,cluster 1
14782,2,cluster 2
14784,1,cluster 1
14790,1,cluster 1
14797,4,cluster 4
14801,2,cluster 2
14805,4,cluster 4
14806,1,cluster 1
14817,1,cluster 1
14819,1,cluster 1
14825,4,cluster 4
14828,1,cluster 1
14834,1,cluster 1
14837,4,cluster 4
14839,1,cluster 1
14846,3,cluster 3
14848,3,cluster 3
14866,1,cluster 1
14870,1,cluster 1
14871,1,cluster 1
14872,1,cluster 1
14880,1,cluster 1
14881,1,cluster 1
14885,4,cluster 4
14887,1,cluster 1
14891,1,cluster 1
14893,1,cluster 1
14907,1,cluster 1
14909,4,cluster 4
14910,3,cluster 3
14920,2,cluster 2
14922,4,cluster 4
14931,3,cluster 3
14932,1,cluster 1
14951,1,cluster 1
14962,1,cluster 1
14963,4,cluster 4
14967,4,cluster 4
14974,5,cluster 5
14976,3,cluster 3
14979,1,cluster 1
14982,1,cluster 1
14984,4,cluster 4
14995,1,cluster 1
14998,4,cluster 4
14999,4,cluster 4
15003,1,cluster 1
15016,2,cluster 2
15018,3,cluster 3
15019,4,cluster 4
15022,3,cluster 3
15024,1,cluster 1
15035,2,cluster 2
15059,4,cluster 4
15068,4,cluster 4
15070,1,cluster 1
15076,4,cluster 4
15091,4,cluster 4
15114,5,cluster 5
15118,1,cluster 1
15125,1,cluster 1
15135,4,cluster 4
15142,1,cluster 1
15144,1,cluster 1
15145,1,cluster 1
15150,1,cluster 1
15160,1,cluster 1
15167,4,cluster 4
15177,4,cluster 4
15191,4,cluster 4
15196,3,cluster 3
15197,1,cluster 1
15203,1,cluster 1
15215,1,cluster 1
15217,4,cluster 4
15221,1,cluster 1
15227,1,cluster 1
15234,4,cluster 4
15239,1,cluster 1
15240,4,cluster 4
15245,4,cluster 4
15249,1,cluster 1
15259,1,cluster 1
15262,3,cluster 3
15263,4,cluster 4
15265,1,cluster 1
15268,4,cluster 4
15270,1,cluster 1
15274,5,cluster 5
15276,4,cluster 4
15280,4,cluster 4
15282,1,cluster 1
15284,1,cluster 1
15294,1,cluster 1
15302,1,cluster 1
15308,1,cluster 1
15310,1,cluster 1
15311,1,cluster 1
15316,3,cluster 3
15328,2,cluster 2
15335,1,cluster 1
15339,1,cluster 1
15344,4,cluster 4
15347,1,cluster 1
15354,2,cluster 2
15365,1,cluster 1
15371,1,cluster 1
15373,4,cluster 4
15391,1,cluster 1
15394,1,cluster 1
15403,1,cluster 1
15407,4,cluster 4
15412,1,cluster 1
15414,1,cluster 1
15419,4,cluster 4
15426,4,cluster 4
15439,1,cluster 1
15447,4,cluster 4
15449,1,cluster 1
15455,1,cluster 1
15458,1,cluster 1
15459,1,cluster 1
15463,3,cluster 3
15481,1,cluster 1
15492,3,cluster 3
15499,4,cluster 4
15502,4,cluster 4
15503,2,cluster 2
15513,5,cluster 5
15527,1,cluster 1
15541,4,cluster 4
15544,1,cluster 1
15554,4,cluster 4
15556,1,cluster 1
15568,1,cluster 1
15571,1,cluster 1
15573,1,cluster 1
15588,1,cluster 1
15596,4,cluster 4
15601,1,cluster 1
15604,1,cluster 1
15605,1,cluster 1
15609,4,cluster 4
15616,4,cluster 4
15617,2,cluster 2
15621,4,cluster 4
15622,1,cluster 1
15634,1,cluster 1
15651,4,cluster 4
15654,1,cluster 1
15664,3,cluster 3
15667,1,cluster 1
15669,1,cluster 1
15671,2,cluster 2
15682,1,cluster 1
15684,5,cluster 5
15685,4,cluster 4
15690,1,cluster 1
15702,1,cluster 1
15709,1,cluster 1
15717,4,cluster 4
15723,1,cluster 1
15728,1,cluster 1
15738,4,cluster 4
15743,1,cluster 1
15753,4,cluster 4
15763,1,cluster 1
15768,4,cluster 4
15772,1,cluster 1
15773,1,cluster 1
15774,5,cluster 5
15778,4,cluster 4
15788,4,cluster 4
15793,1,cluster 1
15801,1,cluster 1
15813,2,cluster 2
15815,1,cluster 1
15821,1,cluster 1
15827,1,cluster 1
15831,3,cluster 3
15838,2,cluster 2
15839,1,cluster 1
15843,1,cluster 1
15850,1,cluster 1
15852,2,cluster 2
15864,1,cluster 1
15865,1,cluster 1
15875,1,cluster 1
15879,3,cluster 3
15902,4,cluster 4
15911,1,cluster 1
15920,4,cluster 4
15932,1,cluster 1
15933,1,cluster 1
15934,4,cluster 4
15939,1,cluster 1
15942,4,cluster 4
15943,3,cluster 3
15945,1,cluster 1
15960,4,cluster 4
15963,4,cluster 4
15966,4,cluster 4
15967,1,cluster 1
15970,5,cluster 5
15972,3,cluster 3
15978,1,cluster 1
15980,1,cluster 1
16002,1,cluster 1
16012,4,cluster 4
16018,2,cluster 2
16022,3,cluster 3
16029,4,cluster 4
16031,4,cluster 4
16038,4,cluster 4
16039,1,cluster 1
16040,1,cluster 1
16041,3,cluster 3
16043,1,cluster 1
16048,1,cluster 1
16049,1,cluster 1
16054,3,cluster 3
16076,1,cluster 1
16081,2,cluster 2
16084,3,cluster 3
16086,1,cluster 1
16100,4,cluster 4
16102,1,cluster 1
16106,1,cluster 1
16117,1,cluster 1
16125,4,cluster 4
16140,2,cluster 2
16144,1,cluster 1
16154,4,cluster 4
16163,4,cluster 4
16165,4,cluster 4
16167,4,cluster 4
16172,4,cluster 4
16173,4,cluster 4
16184,4,cluster 4
16193,1,cluster 1
16195,2,cluster 2
16196,1,cluster 1
16203,3,cluster 3
16205,1,cluster 1
16220,1,cluster 1
16227,4,cluster 4
16229,1,cluster 1
16231,1,cluster 1
16234,1,cluster 1
16254,4,cluster 4
16281,1,cluster 1
16287,2,cluster 2
16292,2,cluster 2
16294,4,cluster 4
16295,3,cluster 3
16301,4,cluster 4
16303,2,cluster 2
16306,4,cluster 4
16316,1,cluster 1
